species_ID,family,stern_phylogeny,traditional_hobbs_burrow_category,combined_burrow_category,conspic_color,conspicous_body_color_present,body_color_zg,body_color_Observer1,body_color_Observer2,body_color_Observer3,body_color_Observer4,body_color_Observer5,body_color_Observer6,body_color_Observer7,body_color_Observer8,body_color_Observer9,body_color_Observer10,conspicious_claw_color_present,claw_color,body_color_red,body_color_blue,body_color_orange,body_color_purple,body_color_unpigmented,claw_color_red,claw_color_blue,claw_color_orange,claw_color_purple
Cambarus_harti,Cambaridea,1,primary_burrower,terrestrial_burrower,yes,yes,blue,blue,blue,blue,blue,blue,blue,blue,blue,blue,blue,yes,blue,0,1,0,0,0,0,1,0,0
Cherax_quadricarinatus,Parastacidea,1,tertiary_burrower,aquatic_burrower,yes,yes,blue,blue,blue,blue,blue,blue,blue,blue,blue,blue,blue,yes,blue,0,1,0,0,0,0,1,0,0
Euastacus_fleckeri,Parastacidea,1,tertiary_burrower,aquatic_burrower,yes,yes,blue,blue,blue,blue,blue,blue,blue,blue,blue,blue,blue,yes,blue,0,1,0,0,0,0,1,0,0
Parastacus_defossus,Parastacidea,1,primary_burrower,terrestrial_burrower,no,no,cryptic,cryptic,blue,blue,blue,blue,blue,blue,blue,blue,blue,no,no,0,0,0,0,0,0,0,0,0
Cambarus_gentryi,Cambaridea,1,primary_burrower,terrestrial_burrower,yes,yes,blue,blue,blue,blue,cryptic,blue,blue,blue,blue,blue,blue,yes,blue,0,1,0,0,0,0,1,0,0
Procambarus_pygmaeus,Cambaridea,1,secondary_burrower,terrestrial_burrower,no,no,cryptic,blue,blue,blue,cryptic,blue,blue,blue,blue,blue,blue,no,no,0,0,0,0,0,0,0,0,0
Astacopsis_tricornis,Parastacidea,1,tertiary_burrower,aquatic_burrower,no,no,cryptic,cryptic,blue,blue,cryptic,blue,blue,blue,blue,blue,blue,no,no,0,0,0,0,0,0,0,0,0
Euastacus_valentulus,Parastacidea,1,secondary_burrower,terrestrial_burrower,no,no,cryptic,cryptic,cryptic,cryptic,cryptic,cryptic,cryptic,blue,blue,blue,blue,no,no,0,0,0,0,0,0,0,0,0
Cherax_robustus,Parastacidea,1,secondary_burrower,terrestrial_burrower,yes,yes,blue_purple,blue_purple,blue_purple,blue_purple,cryptic,blue,blue_purple,blue_purple,blue_purple,blue,blue,yes,blue_purple,0,1,0,1,0,0,1,0,1
Euastacus_yigara,Parastacidea,1,primary_burrower,terrestrial_burrower,yes,yes,red,red,red,purple,red,red,red,red,red,blue,blue,yes,red,0,1,0,0,0,1,0,0,0
Engaeus_mallacoota,Parastacidea,1,primary_burrower,terrestrial_burrower,no,no,cryptic,blue,blue,blue,blue,blue,blue,blue,blue,cryptic,blue,no,no,0,0,0,0,0,0,0,0,0
Euastacus_gamilaroi,Parastacidea,1,tertiary_burrower,aquatic_burrower,no,no,cryptic,cryptic,cryptic,cryptic,cryptic,cryptic,cryptic,blue,blue,cryptic,blue,no,no,0,0,0,0,0,0,0,0,0
Cambarus_reflexus,Cambaridea,1,primary_burrower,terrestrial_burrower,yes,yes,red_blue,red_blue,red_blue,red_blue,red_blue,red_blue,red_blue,blue,blue,cryptic,blue,yes,red,1,0,0,0,0,1,0,0,0
Euastacus_spinifer,Parastacidea,1,tertiary_burrower,aquatic_burrower,yes,yes,red,red,cryptic,blue,blue,blue,cryptic,cryptic,cryptic,cryptic,blue,yes,red,1,0,0,0,0,1,0,0,0
Euastacus_sulcatus,Parastacidea,1,tertiary_burrower,aquatic_burrower,yes,yes,blue_red,blue_red,blue_red,blue_red,blue_red,blue_red,blue_red,blue,blue,blue,blue_red,yes,blue_red,1,1,0,0,0,1,1,0,0
Euastacus_crassus,Parastacidea,1,tertiary_burrower,aquatic_burrower,yes,yes,blue_red,blue_red,blue_red,blue_red,blue_red,blue_red,blue_red,blue_red,blue_red,blue_red,blue_red,yes,blue_red,1,1,0,0,0,1,1,0,0
Euastacus_woiwuru,Parastacidea,1,tertiary_burrower,aquatic_burrower,yes,yes,blue_red,blue_red,blue_red,blue_red,blue_red,blue_red,blue_red,blue_red,blue_red,blue_red,blue_red,yes,blue_red,1,1,0,0,0,1,1,0,0
Procambarus_geodytes,Cambaridea,1,primary_burrower,terrestrial_burrower,yes,yes,blue_red,blue_red,blue_red,blue_red,blue_red,blue_red,blue_red,blue_red,blue_red,cryptic,blue_red,yes,blue_red,1,1,0,0,0,1,1,0,0
Astacopsis_gouldi,Parastacidea,1,tertiary_burrower,aquatic_burrower,no,no,cryptic,cryptic,cryptic_blue,cryptic_blue,cryptic_blue,cryptic_blue,cryptic_blue,cryptic_blue,blue,blue,cryptic_blue,no,no,0,0,0,0,0,0,0,0,0
Euastacus_jagara,Parastacidea,1,secondary_burrower,terrestrial_burrower,yes,yes,blue,no,cryptic_blue,cryptic_blue,cryptic_blue,cryptic_blue,cryptic_blue,cryptic_blue,cryptic_blue,cryptic_blue,cryptic_blue,yes,red,0,1,0,0,0,1,0,0,0
Euastacus_kershawi,Parastacidea,1,tertiary_burrower,aquatic_burrower,no,no,cryptic,cryptic,cryptic_blue,cryptic_blue,cryptic_blue,cryptic_blue,cryptic_blue,cryptic_blue,cryptic_blue,cryptic_blue,cryptic_blue,no,no,0,0,0,0,0,0,0,0,0
Engaeus_lengana,Parastacidea,1,secondary_burrower,terrestrial_burrower,no,no,cryptic_blue,cryptic_blue,cryptic_blue,cryptic_blue,cryptic,cryptic_blue,cryptic_blue,cryptic_blue,cryptic_blue,cryptic_blue,cryptic_blue,no,no,0,0,0,0,0,0,0,0,0
Spinastacoides_inermis,Parastacidea,1,primary_burrower,terrestrial_burrower,yes,yes,cryptic_blue,cryptic_blue,cryptic_blue,cryptic_blue,cryptic,cryptic_blue,cryptic_blue,cryptic_blue,cryptic_blue,cryptic_blue,cryptic_blue,yes,blue,0,1,0,0,0,0,1,0,0
Cherax_destructor_destructor,Parastacidea,1,primary_burrower,terrestrial_burrower,yes,yes,cryptic_blue,cryptic_blue,cryptic_blue,cryptic_blue,cryptic_blue,cryptic_blue,cryptic_blue,cryptic_blue,cryptic_blue,cryptic,cryptic_blue,yes,blue,0,1,0,0,0,0,1,0,0
Creaserinus_oryktes,Cambaridea,1,primary_burrower,terrestrial_burrower,yes,yes,cryptic_blue,cryptic_blue,cryptic,cryptic_blue,cryptic_blue,cryptic_blue,cryptic_blue,cryptic_blue,cryptic_blue,cryptic,cryptic_blue,yes,blue,0,1,0,0,0,0,1,0,0
Cambarus_striatus,Cambaridea,1,primary_burrower,terrestrial_burrower,yes,yes,cryptic_blue ,cryptic_blue ,cryptic_blue ,cryptic_blue ,cryptic_blue ,cryptic_blue ,cryptic_blue ,cryptic_blue ,cryptic_blue ,cryptic,cryptic_blue ,yes,blue,0,1,0,0,0,0,1,0,0
Cambarus_dubius,Cambaridea,1,primary_burrower,terrestrial_burrower,yes,yes,blue_orange_red,blue_orange_red,blue_orange_red,cryptic_blue_orange_red,cryptic_blue_orange_red,cryptic_blue_orange_red,cryptic_blue_orange_red,cryptic_blue_orange_red,cryptic_blue_orange_red,cryptic_blue_orange_red,cryptic_blue_orange_red,yes,blue_orange_red,1,1,1,0,0,1,1,1,0
Cambarus_deweesae,Cambaridea,1,primary_burrower,terrestrial_burrower,yes,yes,cryptic_blue_orange_red,cryptic_blue_orange_red,cryptic_blue_orange_red,cryptic_blue_orange_red,cryptic_blue_orange_red,cryptic_blue_orange_red,cryptic_blue_orange_red,cryptic_blue_orange_red,cryptic_blue_orange_red,cryptic_blue_orange_red,cryptic_blue_orange_red,yes,blue_orange_red,1,1,1,0,0,1,1,1,0
Engaeus_orientalis,Parastacidea,1,primary_burrower,terrestrial_burrower,yes,yes,cryptic_orange,orange,cryptic_orange,cryptic_orange,cryptic,cryptic_orange,cryptic_orange,cryptic,cryptic_orange,cryptic_orange,cryptic_orange,yes,orange,0,0,1,0,0,0,0,1,0
Engaeus_urostrictus,Parastacidea,1,primary_burrower,terrestrial_burrower,no,no,cryptic,orange,cryptic_orange,cryptic_orange,cryptic_orange,cryptic_orange,cryptic_orange,orange,orange,cryptic_orange,cryptic_orange,no,no,0,0,0,0,0,0,0,0,0
Cambarus_rusticiformis,Cambaridea,1,tertiary_burrower,aquatic_burrower,yes,yes,orange,orange,cryptic_orange,cryptic_orange,cryptic_orange,cryptic_orange,cryptic_orange,cryptic_orange,cryptic_orange,cryptic,cryptic_orange,yes,orange,0,0,1,0,0,0,0,1,0
Engaeus_leptorhynchus,Parastacidea,1,primary_burrower,terrestrial_burrower,yes,yes,cryptic_orange,orange,cryptic_orange,cryptic_orange,cryptic,cryptic_orange,cryptic_orange,orange,orange,orange,cryptic_orange,yes,orange,0,0,1,0,0,0,0,1,0
Engaewa_walpolea,Parastacidea,1,primary_burrower,terrestrial_burrower,yes,no,cryptic,cryptic,cryptic,cryptic,cryptic,cryptic,cryptic,cryptic,cryptic,blue,cryptic,yes,blue_purple,0,0,0,0,0,0,1,0,1
Euastacus_reductus,Parastacidea,1,primary_burrower,terrestrial_burrower,yes,no,cryptic,cryptic,cryptic,cryptic,cryptic,cryptic,cryptic,cryptic,cryptic,blue,cryptic,yes,blue,0,0,0,0,0,0,1,0,0
Fallicambarus_dissitus,Cambaridea,1,primary_burrower,terrestrial_burrower,no,no,cryptic,cryptic,cryptic,cryptic,cryptic,cryptic,cryptic,cryptic,cryptic,blue,cryptic,no,no,0,0,0,0,0,0,0,0,0
Creaserinus_caesius,Cambaridea,1,primary_burrower,terrestrial_burrower,no,no,cryptic,cryptic,cryptic,cryptic,cryptic,cryptic,blue,blue,blue,cryptic,cryptic,no,no,0,0,0,0,0,0,0,0,0
Cherax_preissii,Parastacidea,1,secondary_burrower,terrestrial_burrower,no,no,cryptic,cryptic,cryptic,cryptic,cryptic,cryptic,blue,blue,cryptic,cryptic,cryptic,no,no,0,0,0,0,0,0,0,0,0
Cambarus_halli,Cambaridea,1,tertiary_burrower,aquatic_burrower,no,no,cryptic,cryptic,cryptic,cryptic,cryptic,cryptic,cryptic,blue,cryptic,cryptic,cryptic,no,no,0,0,0,0,0,0,0,0,0
Cherax_destructor_albidus,Parastacidea,1,primary_burrower,terrestrial_burrower,yes,yes,cryptic_blue,cryptic_blue,cryptic_blue,cryptic_blue,cryptic,cryptic,cryptic,cryptic,cryptic,cryptic,cryptic,yes,blue,0,1,0,0,0,0,1,0,0
Astacopsis_franklinii,Parastacidea,1,tertiary_burrower,aquatic_burrower,no,no,cryptic,cryptic,cryptic,cryptic_orange,cryptic,cryptic,cryptic,cryptic,cryptic,cryptic,cryptic,no,no,0,0,0,0,0,0,0,0,0
Lacunicambarus_ludovicianus,Cambaridea,1,primary_burrower,terrestrial_burrower,yes,yes,blue,no,cryptic,cryptic,cryptic,cryptic,cryptic,cryptic,cryptic,cryptic,cryptic,yes,blue,0,1,0,0,0,0,1,0,0
Astacoides_caldwelli,Parastacidea,1,tertiary_burrower,aquatic_burrower,no,no,cryptic,cryptic,cryptic,cryptic,cryptic,cryptic,cryptic,cryptic,cryptic,cryptic,cryptic,no,no,0,0,0,0,0,0,0,0,0
Astacoides_crosnieri,Parastacidea,1,primary_burrower,terrestrial_burrower,no,no,cryptic,cryptic,cryptic,cryptic,cryptic,cryptic,cryptic,cryptic,cryptic,cryptic,cryptic,no,no,0,0,0,0,0,0,0,0,0
Astacoides_madagascariensis,Parastacidea,1,tertiary_burrower,aquatic_burrower,no,no,cryptic,cryptic,cryptic,cryptic,cryptic,cryptic,cryptic,cryptic,cryptic,cryptic,cryptic,no,no,0,0,0,0,0,0,0,0,0
Astacus_astacus,Astacidea,1,tertiary_burrower,aquatic_burrower,no,no,cryptic,cryptic,cryptic,cryptic,cryptic,cryptic,cryptic,cryptic,cryptic,cryptic,cryptic,no,no,0,0,0,0,0,0,0,0,0
Austropotamobius_italicus_meridionalis,Astacidea,1,tertiary_burrower,aquatic_burrower,no,no,cryptic,cryptic,cryptic,cryptic,cryptic,cryptic,cryptic,cryptic,cryptic,cryptic,cryptic,no,no,0,0,0,0,0,0,0,0,0
Austropotamobius_pallipes,Astacidea,1,tertiary_burrower,aquatic_burrower,no,no,cryptic,cryptic,cryptic,cryptic,cryptic,cryptic,cryptic,cryptic,cryptic,cryptic,cryptic,no,no,0,0,0,0,0,0,0,0,0
Austropotamobius_torrentium_torrentium,Astacidea,1,tertiary_burrower,aquatic_burrower,no,no,cryptic,cryptic,cryptic,cryptic,cryptic,cryptic,cryptic,cryptic,cryptic,cryptic,cryptic,no,no,0,0,0,0,0,0,0,0,0
Barbicambarus_cornutus,Cambaridea,1,tertiary_burrower,aquatic_burrower,no,no,cryptic,cryptic,cryptic,cryptic,cryptic,cryptic,cryptic,cryptic,cryptic,cryptic,cryptic,no,no,0,0,0,0,0,0,0,0,0
Barbicambarus_simmonsi,Cambaridea,1,tertiary_burrower,aquatic_burrower,no,no,cryptic,cryptic,cryptic,cryptic,cryptic,cryptic,cryptic,cryptic,cryptic,cryptic,cryptic,no,no,0,0,0,0,0,0,0,0,0
Bouchardina_robisoni,Cambaridea,1,tertiary_burrower,aquatic_burrower,no,no,cryptic,cryptic,cryptic,cryptic,cryptic,cryptic,cryptic,cryptic,cryptic,cryptic,cryptic,no,no,0,0,0,0,0,0,0,0,0
Cambarellus_diminutus,Cambaridea,1,tertiary_burrower,aquatic_burrower,no,no,cryptic,cryptic,cryptic,cryptic,cryptic,cryptic,cryptic,cryptic,cryptic,cryptic,cryptic,no,no,0,0,0,0,0,0,0,0,0
Cambarellus_lesliei,Cambaridea,1,tertiary_burrower,aquatic_burrower,no,no,cryptic,cryptic,cryptic,cryptic,cryptic,cryptic,cryptic,cryptic,cryptic,cryptic,cryptic,no,no,0,0,0,0,0,0,0,0,0
Cambarellus_montezumae,Cambaridea,1,tertiary_burrower,aquatic_burrower,no,no,cryptic,cryptic,cryptic,cryptic,cryptic,cryptic,cryptic,cryptic,cryptic,cryptic,cryptic,no,no,0,0,0,0,0,0,0,0,0
Cambarellus_puer,Cambaridea,1,tertiary_burrower,aquatic_burrower,no,no,cryptic,cryptic,cryptic,cryptic,cryptic,cryptic,cryptic,cryptic,cryptic,cryptic,cryptic,no,no,0,0,0,0,0,0,0,0,0
Cambarellus_schmitti,Cambaridea,1,tertiary_burrower,aquatic_burrower,no,no,cryptic,cryptic,cryptic,cryptic,cryptic,cryptic,cryptic,cryptic,cryptic,cryptic,cryptic,no,no,0,0,0,0,0,0,0,0,0
Cambarellus_shufeldtii,Cambaridea,1,tertiary_burrower,aquatic_burrower,no,no,cryptic,cryptic,cryptic,cryptic,cryptic,cryptic,cryptic,cryptic,cryptic,cryptic,cryptic,no,no,0,0,0,0,0,0,0,0,0
Cambarellus_texanus,Cambaridea,1,tertiary_burrower,aquatic_burrower,no,no,cryptic,cryptic,cryptic,cryptic,cryptic,cryptic,cryptic,cryptic,cryptic,cryptic,cryptic,no,no,0,0,0,0,0,0,0,0,0
Cambarellus_zempoalensis,Cambaridea,1,tertiary_burrower,aquatic_burrower,no,no,cryptic,cryptic,cryptic,cryptic,cryptic,cryptic,cryptic,cryptic,cryptic,cryptic,cryptic,no,no,0,0,0,0,0,0,0,0,0
Cambaroides_dauricus,Cambaroididea,1,tertiary_burrower,aquatic_burrower,no,no,cryptic,cryptic,cryptic,cryptic,cryptic,cryptic,cryptic,cryptic,cryptic,cryptic,cryptic,no,no,0,0,0,0,0,0,0,0,0
Cambaroides_japonicus,Cambaroididea,1,tertiary_burrower,aquatic_burrower,no,no,cryptic,cryptic,cryptic,cryptic,cryptic,cryptic,cryptic,cryptic,cryptic,cryptic,cryptic,no,no,0,0,0,0,0,0,0,0,0
Cambaroides_schrenckii,Cambaroididea,1,tertiary_burrower,aquatic_burrower,no,no,cryptic,cryptic,cryptic,cryptic,cryptic,cryptic,cryptic,cryptic,cryptic,cryptic,cryptic,no,no,0,0,0,0,0,0,0,0,0
Cambaroides_similis,Cambaroididea,1,tertiary_burrower,aquatic_burrower,no,no,cryptic,cryptic,cryptic,cryptic,cryptic,cryptic,cryptic,cryptic,cryptic,cryptic,cryptic,no,no,0,0,0,0,0,0,0,0,0
Cambarus_acuminatus,Cambaridea,1,tertiary_burrower,aquatic_burrower,no,no,cryptic,cryptic,cryptic,cryptic,cryptic,cryptic,cryptic,cryptic,cryptic,cryptic,cryptic,no,no,0,0,0,0,0,0,0,0,0
Cambarus_asperimanus,Cambaridea,1,tertiary_burrower,aquatic_burrower,no,no,cryptic,cryptic,cryptic,cryptic,cryptic,cryptic,cryptic,cryptic,cryptic,cryptic,cryptic,no,no,0,0,0,0,0,0,0,0,0
Cambarus_bartonii_bartonii,Cambaridea,1,secondary_burrower,terrestrial_burrower,no,no,cryptic,cryptic,cryptic,cryptic,cryptic,cryptic,cryptic,cryptic,cryptic,cryptic,cryptic,no,no,0,0,0,0,0,0,0,0,0
Cambarus_bouchardi,Cambaridea,1,tertiary_burrower,aquatic_burrower,no,no,cryptic,cryptic,cryptic,cryptic,cryptic,cryptic,cryptic,cryptic,cryptic,cryptic,cryptic,no,no,0,0,0,0,0,0,0,0,0
Cambarus_carinirostris,Cambaridea,1,secondary_burrower,terrestrial_burrower,no,no,cryptic,cryptic,cryptic,cryptic,cryptic,cryptic,cryptic,cryptic,cryptic,cryptic,cryptic,no,no,0,0,0,0,0,0,0,0,0
Cambarus_chasmodactylus,Cambaridea,1,tertiary_burrower,aquatic_burrower,no,no,cryptic,cryptic,cryptic,cryptic,cryptic,cryptic,cryptic,cryptic,cryptic,cryptic,cryptic,no,no,0,0,0,0,0,0,0,0,0
Cambarus_coosae,Cambaridea,1,tertiary_burrower,aquatic_burrower,no,no,cryptic,cryptic,cryptic,cryptic,cryptic,cryptic,cryptic,cryptic,cryptic,cryptic,cryptic,no,no,0,0,0,0,0,0,0,0,0
Cambarus_coosawattae,Cambaridea,1,tertiary_burrower,aquatic_burrower,no,no,cryptic,cryptic,cryptic,cryptic,cryptic,cryptic,cryptic,cryptic,cryptic,cryptic,cryptic,no,no,0,0,0,0,0,0,0,0,0
Cambarus_cracens,Cambaridea,1,tertiary_burrower,aquatic_burrower,no,no,cryptic,cryptic,cryptic,cryptic,cryptic,cryptic,cryptic,cryptic,cryptic,cryptic,cryptic,no,no,0,0,0,0,0,0,0,0,0
Cambarus_crinipes,Cambaridea,1,tertiary_burrower,aquatic_burrower,no,no,cryptic,cryptic,cryptic,cryptic,cryptic,cryptic,cryptic,cryptic,cryptic,cryptic,cryptic,no,no,0,0,0,0,0,0,0,0,0
Cambarus_cumberlandensis,Cambaridea,1,tertiary_burrower,aquatic_burrower,no,no,cryptic,cryptic,cryptic,cryptic,cryptic,cryptic,cryptic,cryptic,cryptic,cryptic,cryptic,no,no,0,0,0,0,0,0,0,0,0
Cambarus_davidi,Cambaridea,1,tertiary_burrower,aquatic_burrower,no,no,cryptic,cryptic,cryptic,cryptic,cryptic,cryptic,cryptic,cryptic,cryptic,cryptic,cryptic,no,no,0,0,0,0,0,0,0,0,0
Cambarus_distans,Cambaridea,1,tertiary_burrower,aquatic_burrower,no,no,cryptic,cryptic,cryptic,cryptic,cryptic,cryptic,cryptic,cryptic,cryptic,cryptic,cryptic,no,no,0,0,0,0,0,0,0,0,0
Cambarus_fasciatus,Cambaridea,1,tertiary_burrower,aquatic_burrower,no,no,cryptic,cryptic,cryptic,cryptic,cryptic,cryptic,cryptic,cryptic,cryptic,cryptic,cryptic,no,no,0,0,0,0,0,0,0,0,0
Cambarus_friaufi,Cambaridea,1,tertiary_burrower,aquatic_burrower,no,no,cryptic,cryptic,cryptic,cryptic,cryptic,cryptic,cryptic,cryptic,cryptic,cryptic,cryptic,no,no,0,0,0,0,0,0,0,0,0
Cambarus_georgiae,Cambaridea,1,tertiary_burrower,aquatic_burrower,no,no,cryptic,cryptic,cryptic,cryptic,cryptic,cryptic,cryptic,cryptic,cryptic,cryptic,cryptic,no,no,0,0,0,0,0,0,0,0,0
Cambarus_girardianus,Cambaridea,1,tertiary_burrower,aquatic_burrower,no,no,cryptic,cryptic,cryptic,cryptic,cryptic,cryptic,cryptic,cryptic,cryptic,cryptic,cryptic,no,no,0,0,0,0,0,0,0,0,0
Cambarus_graysoni,Cambaridea,1,tertiary_burrower,aquatic_burrower,no,no,cryptic,cryptic,cryptic,cryptic,cryptic,cryptic,cryptic,cryptic,cryptic,cryptic,cryptic,no,no,0,0,0,0,0,0,0,0,0
Cambarus_hiwasseensis,Cambaridea,1,tertiary_burrower,aquatic_burrower,no,no,cryptic,cryptic,cryptic,cryptic,cryptic,cryptic,cryptic,cryptic,cryptic,cryptic,cryptic,no,no,0,0,0,0,0,0,0,0,0
Cambarus_hobbsorum,Cambaridea,1,tertiary_burrower,aquatic_burrower,no,no,cryptic,cryptic,cryptic,cryptic,cryptic,cryptic,cryptic,cryptic,cryptic,cryptic,cryptic,no,no,0,0,0,0,0,0,0,0,0
Cambarus_howardi,Cambaridea,1,tertiary_burrower,aquatic_burrower,no,no,cryptic,cryptic,cryptic,cryptic,cryptic,cryptic,cryptic,cryptic,cryptic,cryptic,cryptic,no,no,0,0,0,0,0,0,0,0,0
Cambarus_latimanus,Cambaridea,1,secondary_burrower,terrestrial_burrower,no,no,cryptic,cryptic,cryptic,cryptic,cryptic,cryptic,cryptic,cryptic,cryptic,cryptic,cryptic,no,no,0,0,0,0,0,0,0,0,0
Cambarus_longirostris,Cambaridea,1,tertiary_burrower,aquatic_burrower,no,no,cryptic,cryptic,cryptic,cryptic,cryptic,cryptic,cryptic,cryptic,cryptic,cryptic,cryptic,no,no,0,0,0,0,0,0,0,0,0
Cambarus_longulus,Cambaridea,1,tertiary_burrower,aquatic_burrower,no,no,cryptic,cryptic,cryptic,cryptic,cryptic,cryptic,cryptic,cryptic,cryptic,cryptic,cryptic,no,no,0,0,0,0,0,0,0,0,0
Cambarus_maculatus,Cambaridea,1,tertiary_burrower,aquatic_burrower,no,no,cryptic,cryptic,cryptic,cryptic,cryptic,cryptic,cryptic,cryptic,cryptic,cryptic,cryptic,no,no,0,0,0,0,0,0,0,0,0
Cambarus_nerterius,Cambaridea,1,tertiary_burrower,aquatic_burrower,no,no,cryptic,cryptic,cryptic,cryptic,cryptic,cryptic,cryptic,cryptic,cryptic,cryptic,cryptic,no,no,0,0,0,0,0,0,0,0,0
Cambarus_obstipus,Cambaridea,1,tertiary_burrower,aquatic_burrower,no,no,cryptic,cryptic,cryptic,cryptic,cryptic,cryptic,cryptic,cryptic,cryptic,cryptic,cryptic,no,no,0,0,0,0,0,0,0,0,0
Cambarus_parrishi,Cambaridea,1,tertiary_burrower,aquatic_burrower,no,no,cryptic,cryptic,cryptic,cryptic,cryptic,cryptic,cryptic,cryptic,cryptic,cryptic,cryptic,no,no,0,0,0,0,0,0,0,0,0
Cambarus_pristinus,Cambaridea,1,tertiary_burrower,aquatic_burrower,no,no,cryptic,cryptic,cryptic,cryptic,cryptic,cryptic,cryptic,cryptic,cryptic,cryptic,cryptic,no,no,0,0,0,0,0,0,0,0,0
Cambarus_reburrus,Cambaridea,1,tertiary_burrower,aquatic_burrower,no,no,cryptic,cryptic,cryptic,cryptic,cryptic,cryptic,cryptic,cryptic,cryptic,cryptic,cryptic,no,no,0,0,0,0,0,0,0,0,0
Cambarus_robustus,Cambaridea,1,tertiary_burrower,aquatic_burrower,no,no,cryptic,cryptic,cryptic,cryptic,cryptic,cryptic,cryptic,cryptic,cryptic,cryptic,cryptic,no,no,0,0,0,0,0,0,0,0,0
Cambarus_sciotensis,Cambaridea,1,tertiary_burrower,aquatic_burrower,no,no,cryptic,cryptic,cryptic,cryptic,cryptic,cryptic,cryptic,cryptic,cryptic,cryptic,cryptic,no,no,0,0,0,0,0,0,0,0,0
Cambarus_scotti,Cambaridea,1,tertiary_burrower,aquatic_burrower,no,no,cryptic,cryptic,cryptic,cryptic,cryptic,cryptic,cryptic,cryptic,cryptic,cryptic,cryptic,no,no,0,0,0,0,0,0,0,0,0
Cambarus_tenebrosus,Cambaridea,1,tertiary_burrower,aquatic_burrower,no,no,cryptic,cryptic,cryptic,cryptic,cryptic,cryptic,cryptic,cryptic,cryptic,cryptic,cryptic,no,no,0,0,0,0,0,0,0,0,0
Cambarus_tuckasegee,Cambaridea,1,tertiary_burrower,aquatic_burrower,no,no,cryptic,cryptic,cryptic,cryptic,cryptic,cryptic,cryptic,cryptic,cryptic,cryptic,cryptic,no,no,0,0,0,0,0,0,0,0,0
Cambarus_unestami,Cambaridea,1,tertiary_burrower,aquatic_burrower,no,no,cryptic,cryptic,cryptic,cryptic,cryptic,cryptic,cryptic,cryptic,cryptic,cryptic,cryptic,no,no,0,0,0,0,0,0,0,0,0
Cherax_cainii,Parastacidea,1,tertiary_burrower,aquatic_burrower,no,no,cryptic,cryptic,cryptic,cryptic,cryptic,cryptic,cryptic,cryptic,cryptic,cryptic,cryptic,no,no,0,0,0,0,0,0,0,0,0
Cherax_cairnsensis,Parastacidea,1,primary_burrower,terrestrial_burrower,no,no,cryptic,cryptic,cryptic,cryptic,cryptic,cryptic,cryptic,cryptic,cryptic,cryptic,cryptic,no,no,0,0,0,0,0,0,0,0,0
Cherax_crassimanus,Parastacidea,1,tertiary_burrower,aquatic_burrower,no,no,cryptic,cryptic,cryptic,cryptic,cryptic,cryptic,cryptic,cryptic,cryptic,cryptic,cryptic,no,no,0,0,0,0,0,0,0,0,0
Cherax_cuspidatus,Parastacidea,1,primary_burrower,terrestrial_burrower,no,no,cryptic,cryptic,cryptic,cryptic,cryptic,cryptic,cryptic,cryptic,cryptic,cryptic,cryptic,no,no,0,0,0,0,0,0,0,0,0
Cherax_depressus,Parastacidea,1,primary_burrower,terrestrial_burrower,yes,no,cryptic,cryptic,cryptic,cryptic,cryptic,cryptic,cryptic,cryptic,cryptic,cryptic,cryptic,yes,blue,0,0,0,0,0,0,1,0,0
Cherax_dispar,Parastacidea,1,tertiary_burrower,aquatic_burrower,no,no,cryptic,cryptic,cryptic,cryptic,cryptic,cryptic,cryptic,cryptic,cryptic,cryptic,cryptic,no,no,0,0,0,0,0,0,0,0,0
Cherax_glaber,Parastacidea,1,secondary_burrower,terrestrial_burrower,no,no,cryptic,cryptic,cryptic,cryptic,cryptic,cryptic,cryptic,cryptic,cryptic,cryptic,cryptic,no,no,0,0,0,0,0,0,0,0,0
Cherax_parvus,Parastacidea,1,tertiary_burrower,aquatic_burrower,no,no,cryptic,cryptic,cryptic,cryptic,cryptic,cryptic,cryptic,cryptic,cryptic,cryptic,cryptic,no,no,0,0,0,0,0,0,0,0,0
Cherax_punctatus,Parastacidea,1,primary_burrower,terrestrial_burrower,no,no,cryptic,cryptic,cryptic,cryptic,cryptic,cryptic,cryptic,cryptic,cryptic,cryptic,cryptic,no,no,0,0,0,0,0,0,0,0,0
Cherax_quinquecarinatus,Parastacidea,1,secondary_burrower,terrestrial_burrower,no,no,cryptic,cryptic,cryptic,cryptic,cryptic,cryptic,cryptic,cryptic,cryptic,cryptic,cryptic,no,no,0,0,0,0,0,0,0,0,0
Cherax_rhynchotus,Parastacidea,1,secondary_burrower,terrestrial_burrower,no,no,cryptic,cryptic,cryptic,cryptic,cryptic,cryptic,cryptic,cryptic,cryptic,cryptic,cryptic,no,no,0,0,0,0,0,0,0,0,0
Cherax_rotundus,Parastacidea,1,primary_burrower,terrestrial_burrower,no,no,cryptic,cryptic,cryptic,cryptic,cryptic,cryptic,cryptic,cryptic,cryptic,cryptic,cryptic,no,no,0,0,0,0,0,0,0,0,0
Cherax_setosus,Parastacidea,1,primary_burrower,terrestrial_burrower,no,no,cryptic,cryptic,cryptic,cryptic,cryptic,cryptic,cryptic,cryptic,cryptic,cryptic,cryptic,no,no,0,0,0,0,0,0,0,0,0
Cherax_tenuimanus,Parastacidea,1,tertiary_burrower,aquatic_burrower,no,no,cryptic,cryptic,cryptic,cryptic,cryptic,cryptic,cryptic,cryptic,cryptic,cryptic,cryptic,no,no,0,0,0,0,0,0,0,0,0
Creaserinus_burrisi,Cambaridea,1,primary_burrower,terrestrial_burrower,no,no,cryptic,cryptic,cryptic,cryptic,cryptic,cryptic,cryptic,cryptic,cryptic,cryptic,cryptic,no,no,0,0,0,0,0,0,0,0,0
Creaserinus_danielae,Cambaridea,1,primary_burrower,terrestrial_burrower,no,no,cryptic,cryptic,cryptic,cryptic,cryptic,cryptic,cryptic,cryptic,cryptic,cryptic,cryptic,no,no,0,0,0,0,0,0,0,0,0
Creaserinus_fodiens,Cambaridea,1,primary_burrower,terrestrial_burrower,no,no,cryptic,cryptic,cryptic,cryptic,cryptic,cryptic,cryptic,cryptic,cryptic,cryptic,cryptic,no,no,0,0,0,0,0,0,0,0,0
Creaserinus_gilpini,Cambaridea,1,primary_burrower,terrestrial_burrower,no,no,cryptic,cryptic,cryptic,cryptic,cryptic,cryptic,cryptic,cryptic,cryptic,cryptic,cryptic,no,no,0,0,0,0,0,0,0,0,0
Creaserinus_gordoni,Cambaridea,1,primary_burrower,terrestrial_burrower,no,no,cryptic,cryptic,cryptic,cryptic,cryptic,cryptic,cryptic,cryptic,cryptic,cryptic,cryptic,no,no,0,0,0,0,0,0,0,0,0
Distocambarus_devexus,Cambaridea,1,primary_burrower,terrestrial_burrower,no,no,cryptic,cryptic,cryptic,cryptic,cryptic,cryptic,cryptic,cryptic,cryptic,cryptic,cryptic,no,no,0,0,0,0,0,0,0,0,0
Engaeus_cunicularius,Parastacidea,1,secondary_burrower,terrestrial_burrower,no,no,cryptic,cryptic,cryptic,cryptic,cryptic,cryptic,cryptic,cryptic,cryptic,cryptic,cryptic,no,no,0,0,0,0,0,0,0,0,0
Engaeus_karnanga,Parastacidea,1,secondary_burrower,terrestrial_burrower,no,no,cryptic,cryptic,cryptic,cryptic,cryptic,cryptic,cryptic,cryptic,cryptic,cryptic,cryptic,no,no,0,0,0,0,0,0,0,0,0
Engaeus_laevis,Parastacidea,1,secondary_burrower,terrestrial_burrower,no,no,cryptic,cryptic,cryptic,cryptic,cryptic,cryptic,cryptic,cryptic,cryptic,cryptic,cryptic,no,no,0,0,0,0,0,0,0,0,0
Engaeus_mairener,Parastacidea,1,secondary_burrower,terrestrial_burrower,no,no,cryptic,cryptic,cryptic,cryptic,cryptic,cryptic,cryptic,cryptic,cryptic,cryptic,cryptic,no,no,0,0,0,0,0,0,0,0,0
Engaeus_merosetosus,Parastacidea,1,secondary_burrower,terrestrial_burrower,no,no,cryptic,cryptic,cryptic,cryptic,cryptic,cryptic,cryptic,cryptic,cryptic,cryptic,cryptic,no,no,0,0,0,0,0,0,0,0,0
Engaeus_nulloporius,Parastacidea,1,secondary_burrower,terrestrial_burrower,no,no,cryptic,cryptic,cryptic,cryptic,cryptic,cryptic,cryptic,cryptic,cryptic,cryptic,cryptic,no,no,0,0,0,0,0,0,0,0,0
Engaeus_quadrimanus,Parastacidea,1,primary_burrower,terrestrial_burrower,no,no,cryptic,cryptic,cryptic,cryptic,cryptic,cryptic,cryptic,cryptic,cryptic,cryptic,cryptic,no,no,0,0,0,0,0,0,0,0,0
Engaeus_sericatus,Parastacidea,1,primary_burrower,terrestrial_burrower,no,no,cryptic,cryptic,cryptic,cryptic,cryptic,cryptic,cryptic,cryptic,cryptic,cryptic,cryptic,no,no,0,0,0,0,0,0,0,0,0
Engaeus_spinicaudatus,Parastacidea,1,primary_burrower,terrestrial_burrower,no,no,cryptic,cryptic,cryptic,cryptic,cryptic,cryptic,cryptic,cryptic,cryptic,cryptic,cryptic,no,no,0,0,0,0,0,0,0,0,0
Engaeus_sternalis,Parastacidea,1,primary_burrower,terrestrial_burrower,no,no,cryptic,cryptic,cryptic,cryptic,cryptic,cryptic,cryptic,cryptic,cryptic,cryptic,cryptic,no,no,0,0,0,0,0,0,0,0,0
Engaeus_yabbimunna,Parastacidea,1,primary_burrower,terrestrial_burrower,no,no,cryptic,cryptic,cryptic,cryptic,cryptic,cryptic,cryptic,cryptic,cryptic,cryptic,cryptic,no,no,0,0,0,0,0,0,0,0,0
Engaewa_reducta,Parastacidea,1,primary_burrower,terrestrial_burrower,yes,no,cryptic,cryptic,cryptic,cryptic,cryptic,cryptic,cryptic,cryptic,cryptic,cryptic,cryptic,yes,blue_purple,0,0,0,0,0,0,1,0,1
Engaewa_similis,Parastacidea,1,primary_burrower,terrestrial_burrower,yes,no,cryptic,cryptic,cryptic,cryptic,cryptic,cryptic,cryptic,cryptic,cryptic,cryptic,cryptic,yes,blue_purple,0,0,0,0,0,0,1,0,1
Euastacus_armatus,Parastacidea,1,secondary_burrower,terrestrial_burrower,no,no,cryptic,cryptic,cryptic,cryptic,cryptic,cryptic,cryptic,cryptic,cryptic,cryptic,cryptic,no,no,0,0,0,0,0,0,0,0,0
Euastacus_balanensis,Parastacidea,1,secondary_burrower,terrestrial_burrower,no,no,cryptic,cryptic,cryptic,cryptic,cryptic,cryptic,cryptic,cryptic,cryptic,cryptic,cryptic,no,no,0,0,0,0,0,0,0,0,0
Euastacus_bidawalus,Parastacidea,1,tertiary_burrower,aquatic_burrower,yes,no,cryptic,cryptic,cryptic,cryptic,cryptic,cryptic,cryptic,cryptic,cryptic,cryptic,cryptic,yes,red,0,0,0,0,0,1,0,0,0
Euastacus_bindal,Parastacidea,1,secondary_burrower,terrestrial_burrower,no,no,cryptic,cryptic,cryptic,cryptic,cryptic,cryptic,cryptic,cryptic,cryptic,cryptic,cryptic,no,no,0,0,0,0,0,0,0,0,0
Euastacus_bispinosus,Parastacidea,1,tertiary_burrower,aquatic_burrower,no,no,cryptic,cryptic,cryptic,cryptic,cryptic,cryptic,cryptic,cryptic,cryptic,cryptic,cryptic,no,no,0,0,0,0,0,0,0,0,0
Euastacus_brachythorax,Parastacidea,1,tertiary_burrower,aquatic_burrower,no,no,cryptic,cryptic,cryptic,cryptic,cryptic,cryptic,cryptic,cryptic,cryptic,cryptic,cryptic,no,no,0,0,0,0,0,0,0,0,0
Euastacus_clarkae,Parastacidea,1,tertiary_burrower,aquatic_burrower,no,no,cryptic,cryptic,cryptic,cryptic,cryptic,cryptic,cryptic,cryptic,cryptic,cryptic,cryptic,no,no,0,0,0,0,0,0,0,0,0
Euastacus_claytoni,Parastacidea,1,tertiary_burrower,aquatic_burrower,no,no,cryptic,cryptic,cryptic,cryptic,cryptic,cryptic,cryptic,cryptic,cryptic,cryptic,cryptic,no,no,0,0,0,0,0,0,0,0,0
Euastacus_dharawalus,Parastacidea,1,tertiary_burrower,aquatic_burrower,no,no,cryptic,cryptic,cryptic,cryptic,cryptic,cryptic,cryptic,cryptic,cryptic,cryptic,cryptic,no,no,0,0,0,0,0,0,0,0,0
Euastacus_diversus,Parastacidea,1,tertiary_burrower,aquatic_burrower,no,no,cryptic,cryptic,cryptic,cryptic,cryptic,cryptic,cryptic,cryptic,cryptic,cryptic,cryptic,no,no,0,0,0,0,0,0,0,0,0
Euastacus_eungella,Parastacidea,1,secondary_burrower,terrestrial_burrower,yes,no,cryptic,cryptic,cryptic,cryptic,cryptic,cryptic,cryptic,cryptic,cryptic,cryptic,cryptic,yes,blue_purple,0,0,0,0,0,0,1,0,1
Euastacus_gumar,Parastacidea,1,tertiary_burrower,aquatic_burrower,yes,no,cryptic,cryptic,cryptic,cryptic,cryptic,cryptic,cryptic,cryptic,cryptic,cryptic,cryptic,yes,red,0,0,0,0,0,1,0,0,0
Euastacus_guwinus,Parastacidea,1,tertiary_burrower,aquatic_burrower,no,no,cryptic,cryptic,cryptic,cryptic,cryptic,cryptic,cryptic,cryptic,cryptic,cryptic,cryptic,no,no,0,0,0,0,0,0,0,0,0
Euastacus_hystricosus,Parastacidea,1,tertiary_burrower,aquatic_burrower,no,no,cryptic,cryptic,cryptic,cryptic,cryptic,cryptic,cryptic,cryptic,cryptic,cryptic,cryptic,no,no,0,0,0,0,0,0,0,0,0
Euastacus_maidae,Parastacidea,1,tertiary_burrower,aquatic_burrower,yes,no,cryptic,cryptic,cryptic,cryptic,cryptic,cryptic,cryptic,cryptic,cryptic,cryptic,cryptic,yes,blue,0,0,0,0,0,0,1,0,0
Euastacus_mirangudjin,Parastacidea,1,secondary_burrower,terrestrial_burrower,no,no,cryptic,cryptic,cryptic,cryptic,cryptic,cryptic,cryptic,cryptic,cryptic,cryptic,cryptic,no,no,0,0,0,0,0,0,0,0,0
Euastacus_monteithorum,Parastacidea,1,secondary_burrower,terrestrial_burrower,no,no,cryptic,cryptic,cryptic,cryptic,cryptic,cryptic,cryptic,cryptic,cryptic,cryptic,cryptic,no,no,0,0,0,0,0,0,0,0,0
Euastacus_neohirsutus,Parastacidea,1,secondary_burrower,terrestrial_burrower,no,no,cryptic,cryptic,cryptic,cryptic,cryptic,cryptic,cryptic,cryptic,cryptic,cryptic,cryptic,no,no,0,0,0,0,0,0,0,0,0
Euastacus_polysetosus,Parastacidea,1,secondary_burrower,terrestrial_burrower,no,no,cryptic,cryptic,cryptic,cryptic,cryptic,cryptic,cryptic,cryptic,cryptic,cryptic,cryptic,no,no,0,0,0,0,0,0,0,0,0
Euastacus_rieki,Parastacidea,1,tertiary_burrower,aquatic_burrower,no,no,cryptic,cryptic,cryptic,cryptic,cryptic,cryptic,cryptic,cryptic,cryptic,cryptic,cryptic,no,no,0,0,0,0,0,0,0,0,0
Euastacus_setosus,Parastacidea,1,tertiary_burrower,aquatic_burrower,no,no,cryptic,cryptic,cryptic,cryptic,cryptic,cryptic,cryptic,cryptic,cryptic,cryptic,cryptic,no,no,0,0,0,0,0,0,0,0,0
Euastacus_spinichelatus,Parastacidea,1,secondary_burrower,terrestrial_burrower,no,no,cryptic,cryptic,cryptic,cryptic,cryptic,cryptic,cryptic,cryptic,cryptic,cryptic,cryptic,no,no,0,0,0,0,0,0,0,0,0
Fallicambarus_devastator,Cambaridea,1,primary_burrower,terrestrial_burrower,no,no,cryptic,cryptic,cryptic,cryptic,cryptic,cryptic,cryptic,cryptic,cryptic,cryptic,cryptic,no,no,0,0,0,0,0,0,0,0,0
Fallicambarus_harpi,Cambaridea,1,primary_burrower,terrestrial_burrower,no,no,cryptic,cryptic,cryptic,cryptic,cryptic,cryptic,cryptic,cryptic,cryptic,cryptic,cryptic,no,no,0,0,0,0,0,0,0,0,0
Fallicambarus_houstonensis,Cambaridea,1,primary_burrower,terrestrial_burrower,no,no,cryptic,cryptic,cryptic,cryptic,cryptic,cryptic,cryptic,cryptic,cryptic,cryptic,cryptic,no,no,0,0,0,0,0,0,0,0,0
Fallicambarus_jeanae,Cambaridea,1,primary_burrower,terrestrial_burrower,no,no,cryptic,cryptic,cryptic,cryptic,cryptic,cryptic,cryptic,cryptic,cryptic,cryptic,cryptic,no,no,0,0,0,0,0,0,0,0,0
Fallicambarus_kountzeae,Cambaridea,1,primary_burrower,terrestrial_burrower,no,no,cryptic,cryptic,cryptic,cryptic,cryptic,cryptic,cryptic,cryptic,cryptic,cryptic,cryptic,no,no,0,0,0,0,0,0,0,0,0
Fallicambarus_macneesei,Cambaridea,1,primary_burrower,terrestrial_burrower,no,no,cryptic,cryptic,cryptic,cryptic,cryptic,cryptic,cryptic,cryptic,cryptic,cryptic,cryptic,no,no,0,0,0,0,0,0,0,0,0
Fallicambarus_petilicarpus,Cambaridea,1,primary_burrower,terrestrial_burrower,no,no,cryptic,cryptic,cryptic,cryptic,cryptic,cryptic,cryptic,cryptic,cryptic,cryptic,cryptic,no,no,0,0,0,0,0,0,0,0,0
Fallicambarus_strawni,Cambaridea,1,primary_burrower,terrestrial_burrower,no,no,cryptic,cryptic,cryptic,cryptic,cryptic,cryptic,cryptic,cryptic,cryptic,cryptic,cryptic,no,no,0,0,0,0,0,0,0,0,0
Fallicambarus_wallsi,Cambaridea,1,primary_burrower,terrestrial_burrower,no,no,cryptic,cryptic,cryptic,cryptic,cryptic,cryptic,cryptic,cryptic,cryptic,cryptic,cryptic,no,no,0,0,0,0,0,0,0,0,0
Faxonella_clypeata,Cambaridea,1,secondary_burrower,terrestrial_burrower,no,no,cryptic,cryptic,cryptic,cryptic,cryptic,cryptic,cryptic,cryptic,cryptic,cryptic,cryptic,no,no,0,0,0,0,0,0,0,0,0
Faxonella_creaseri,Cambaridea,1,secondary_burrower,terrestrial_burrower,no,no,cryptic,cryptic,cryptic,cryptic,cryptic,cryptic,cryptic,cryptic,cryptic,cryptic,cryptic,no,no,0,0,0,0,0,0,0,0,0
Faxonius_acares,Cambaridea,1,tertiary_burrower,aquatic_burrower,no,no,cryptic,cryptic,cryptic,cryptic,cryptic,cryptic,cryptic,cryptic,cryptic,cryptic,cryptic,no,no,0,0,0,0,0,0,0,0,0
Faxonius_alabamensis,Cambaridea,1,tertiary_burrower,aquatic_burrower,no,no,cryptic,cryptic,cryptic,cryptic,cryptic,cryptic,cryptic,cryptic,cryptic,cryptic,cryptic,no,no,0,0,0,0,0,0,0,0,0
Faxonius_burri,Cambaridea,1,tertiary_burrower,aquatic_burrower,no,no,cryptic,cryptic,cryptic,cryptic,cryptic,cryptic,cryptic,cryptic,cryptic,cryptic,cryptic,no,no,0,0,0,0,0,0,0,0,0
Faxonius_carolinensis,Cambaridea,1,tertiary_burrower,aquatic_burrower,no,no,cryptic,cryptic,cryptic,cryptic,cryptic,cryptic,cryptic,cryptic,cryptic,cryptic,cryptic,no,no,0,0,0,0,0,0,0,0,0
Faxonius_causeyi,Cambaridea,1,tertiary_burrower,aquatic_burrower,no,no,cryptic,cryptic,cryptic,cryptic,cryptic,cryptic,cryptic,cryptic,cryptic,cryptic,cryptic,no,no,0,0,0,0,0,0,0,0,0
Faxonius_chickasawae,Cambaridea,1,tertiary_burrower,aquatic_burrower,no,no,cryptic,cryptic,cryptic,cryptic,cryptic,cryptic,cryptic,cryptic,cryptic,cryptic,cryptic,no,no,0,0,0,0,0,0,0,0,0
Faxonius_compressus,Cambaridea,1,tertiary_burrower,aquatic_burrower,no,no,cryptic,cryptic,cryptic,cryptic,cryptic,cryptic,cryptic,cryptic,cryptic,cryptic,cryptic,no,no,0,0,0,0,0,0,0,0,0
Faxonius_cooperi,Cambaridea,1,tertiary_burrower,aquatic_burrower,no,no,cryptic,cryptic,cryptic,cryptic,cryptic,cryptic,cryptic,cryptic,cryptic,cryptic,cryptic,no,no,0,0,0,0,0,0,0,0,0
Faxonius_cristavarius,Cambaridea,1,tertiary_burrower,aquatic_burrower,no,no,cryptic,cryptic,cryptic,cryptic,cryptic,cryptic,cryptic,cryptic,cryptic,cryptic,cryptic,no,no,0,0,0,0,0,0,0,0,0
Faxonius_deanae,Cambaridea,1,tertiary_burrower,aquatic_burrower,no,no,cryptic,cryptic,cryptic,cryptic,cryptic,cryptic,cryptic,cryptic,cryptic,cryptic,cryptic,no,no,0,0,0,0,0,0,0,0,0
Faxonius_durelli,Cambaridea,1,tertiary_burrower,aquatic_burrower,no,no,cryptic,cryptic,cryptic,cryptic,cryptic,cryptic,cryptic,cryptic,cryptic,cryptic,cryptic,no,no,0,0,0,0,0,0,0,0,0
Faxonius_erichsonianus,Cambaridea,1,tertiary_burrower,aquatic_burrower,no,no,cryptic,cryptic,cryptic,cryptic,cryptic,cryptic,cryptic,cryptic,cryptic,cryptic,cryptic,no,no,0,0,0,0,0,0,0,0,0
Faxonius_etnieri,Cambaridea,1,tertiary_burrower,aquatic_burrower,no,no,cryptic,cryptic,cryptic,cryptic,cryptic,cryptic,cryptic,cryptic,cryptic,cryptic,cryptic,no,no,0,0,0,0,0,0,0,0,0
Faxonius_forceps,Cambaridea,1,tertiary_burrower,aquatic_burrower,no,no,cryptic,cryptic,cryptic,cryptic,cryptic,cryptic,cryptic,cryptic,cryptic,cryptic,cryptic,no,no,0,0,0,0,0,0,0,0,0
Faxonius_harrisonii,Cambaridea,1,tertiary_burrower,aquatic_burrower,no,no,cryptic,cryptic,cryptic,cryptic,cryptic,cryptic,cryptic,cryptic,cryptic,cryptic,cryptic,no,no,0,0,0,0,0,0,0,0,0
Faxonius_hartfieldi,Cambaridea,1,tertiary_burrower,aquatic_burrower,no,no,cryptic,cryptic,cryptic,cryptic,cryptic,cryptic,cryptic,cryptic,cryptic,cryptic,cryptic,no,no,0,0,0,0,0,0,0,0,0
Faxonius_hobbsi,Cambaridea,1,tertiary_burrower,aquatic_burrower,no,no,cryptic,cryptic,cryptic,cryptic,cryptic,cryptic,cryptic,cryptic,cryptic,cryptic,cryptic,no,no,0,0,0,0,0,0,0,0,0
Faxonius_holti,Cambaridea,1,tertiary_burrower,aquatic_burrower,no,no,cryptic,cryptic,cryptic,cryptic,cryptic,cryptic,cryptic,cryptic,cryptic,cryptic,cryptic,no,no,0,0,0,0,0,0,0,0,0
Faxonius_hylas,Cambaridea,1,tertiary_burrower,aquatic_burrower,no,no,cryptic,cryptic,cryptic,cryptic,cryptic,cryptic,cryptic,cryptic,cryptic,cryptic,cryptic,no,no,0,0,0,0,0,0,0,0,0
Faxonius_illinoiensis,Cambaridea,1,tertiary_burrower,aquatic_burrower,no,no,cryptic,cryptic,cryptic,cryptic,cryptic,cryptic,cryptic,cryptic,cryptic,cryptic,cryptic,no,no,0,0,0,0,0,0,0,0,0
Faxonius_immunis,Cambaridea,1,tertiary_burrower,aquatic_burrower,no,no,cryptic,cryptic,cryptic,cryptic,cryptic,cryptic,cryptic,cryptic,cryptic,cryptic,cryptic,no,no,0,0,0,0,0,0,0,0,0
Faxonius_indianensis,Cambaridea,1,tertiary_burrower,aquatic_burrower,no,no,cryptic,cryptic,cryptic,cryptic,cryptic,cryptic,cryptic,cryptic,cryptic,cryptic,cryptic,no,no,0,0,0,0,0,0,0,0,0
Faxonius_jeffersoni,Cambaridea,1,tertiary_burrower,aquatic_burrower,no,no,cryptic,cryptic,cryptic,cryptic,cryptic,cryptic,cryptic,cryptic,cryptic,cryptic,cryptic,no,no,0,0,0,0,0,0,0,0,0
Faxonius_jonesi,Cambaridea,1,tertiary_burrower,aquatic_burrower,no,no,cryptic,cryptic,cryptic,cryptic,cryptic,cryptic,cryptic,cryptic,cryptic,cryptic,cryptic,no,no,0,0,0,0,0,0,0,0,0
Faxonius_juvenilis,Cambaridea,1,tertiary_burrower,aquatic_burrower,no,no,cryptic,cryptic,cryptic,cryptic,cryptic,cryptic,cryptic,cryptic,cryptic,cryptic,cryptic,no,no,0,0,0,0,0,0,0,0,0
Faxonius_kentuckiensis,Cambaridea,1,tertiary_burrower,aquatic_burrower,no,no,cryptic,cryptic,cryptic,cryptic,cryptic,cryptic,cryptic,cryptic,cryptic,cryptic,cryptic,no,no,0,0,0,0,0,0,0,0,0
Faxonius_lancifer,Cambaridea,1,tertiary_burrower,aquatic_burrower,no,no,cryptic,cryptic,cryptic,cryptic,cryptic,cryptic,cryptic,cryptic,cryptic,cryptic,cryptic,no,no,0,0,0,0,0,0,0,0,0
Faxonius_leptogonopodus,Cambaridea,1,tertiary_burrower,aquatic_burrower,no,no,cryptic,cryptic,cryptic,cryptic,cryptic,cryptic,cryptic,cryptic,cryptic,cryptic,cryptic,no,no,0,0,0,0,0,0,0,0,0
Faxonius_limosus,Cambaridea,1,tertiary_burrower,aquatic_burrower,no,no,cryptic,cryptic,cryptic,cryptic,cryptic,cryptic,cryptic,cryptic,cryptic,cryptic,cryptic,no,no,0,0,0,0,0,0,0,0,0
Faxonius_longidigitus,Cambaridea,1,tertiary_burrower,aquatic_burrower,yes,no,cryptic,cryptic,cryptic,cryptic,cryptic,cryptic,cryptic,cryptic,cryptic,cryptic,cryptic,yes,blue,0,0,0,0,0,0,1,0,0
Faxonius_luteus,Cambaridea,1,tertiary_burrower,aquatic_burrower,no,no,cryptic,cryptic,cryptic,cryptic,cryptic,cryptic,cryptic,cryptic,cryptic,cryptic,cryptic,no,no,0,0,0,0,0,0,0,0,0
Faxonius_macrus,Cambaridea,1,tertiary_burrower,aquatic_burrower,no,no,cryptic,cryptic,cryptic,cryptic,cryptic,cryptic,cryptic,cryptic,cryptic,cryptic,cryptic,no,no,0,0,0,0,0,0,0,0,0
Faxonius_maletae,Cambaridea,1,tertiary_burrower,aquatic_burrower,no,no,cryptic,cryptic,cryptic,cryptic,cryptic,cryptic,cryptic,cryptic,cryptic,cryptic,cryptic,no,no,0,0,0,0,0,0,0,0,0
Faxonius_medius,Cambaridea,1,tertiary_burrower,aquatic_burrower,no,no,cryptic,cryptic,cryptic,cryptic,cryptic,cryptic,cryptic,cryptic,cryptic,cryptic,cryptic,no,no,0,0,0,0,0,0,0,0,0
Faxonius_meeki_brevis,Cambaridea,1,tertiary_burrower,aquatic_burrower,no,no,cryptic,cryptic,cryptic,cryptic,cryptic,cryptic,cryptic,cryptic,cryptic,cryptic,cryptic,no,no,0,0,0,0,0,0,0,0,0
Faxonius_meeki_meeki,Cambaridea,1,tertiary_burrower,aquatic_burrower,no,no,cryptic,cryptic,cryptic,cryptic,cryptic,cryptic,cryptic,cryptic,cryptic,cryptic,cryptic,no,no,0,0,0,0,0,0,0,0,0
Faxonius_menae,Cambaridea,1,tertiary_burrower,aquatic_burrower,no,no,cryptic,cryptic,cryptic,cryptic,cryptic,cryptic,cryptic,cryptic,cryptic,cryptic,cryptic,no,no,0,0,0,0,0,0,0,0,0
Faxonius_nais,Cambaridea,1,tertiary_burrower,aquatic_burrower,no,no,cryptic,cryptic,cryptic,cryptic,cryptic,cryptic,cryptic,cryptic,cryptic,cryptic,cryptic,no,no,0,0,0,0,0,0,0,0,0
Faxonius_nana,Cambaridea,1,tertiary_burrower,aquatic_burrower,no,no,cryptic,cryptic,cryptic,cryptic,cryptic,cryptic,cryptic,cryptic,cryptic,cryptic,cryptic,no,no,0,0,0,0,0,0,0,0,0
Faxonius_neglectus_neglectus,Cambaridea,1,tertiary_burrower,aquatic_burrower,no,no,cryptic,cryptic,cryptic,cryptic,cryptic,cryptic,cryptic,cryptic,cryptic,cryptic,cryptic,no,no,0,0,0,0,0,0,0,0,0
Faxonius_obscurus,Cambaridea,1,tertiary_burrower,aquatic_burrower,no,no,cryptic,cryptic,cryptic,cryptic,cryptic,cryptic,cryptic,cryptic,cryptic,cryptic,cryptic,no,no,0,0,0,0,0,0,0,0,0
Faxonius_ozarkae,Cambaridea,1,tertiary_burrower,aquatic_burrower,no,no,cryptic,cryptic,cryptic,cryptic,cryptic,cryptic,cryptic,cryptic,cryptic,cryptic,cryptic,no,no,0,0,0,0,0,0,0,0,0
Faxonius_palmeri_longimanus,Cambaridea,1,tertiary_burrower,aquatic_burrower,no,no,cryptic,cryptic,cryptic,cryptic,cryptic,cryptic,cryptic,cryptic,cryptic,cryptic,cryptic,no,no,0,0,0,0,0,0,0,0,0
Faxonius_perfectus,Cambaridea,1,tertiary_burrower,aquatic_burrower,no,no,cryptic,cryptic,cryptic,cryptic,cryptic,cryptic,cryptic,cryptic,cryptic,cryptic,cryptic,no,no,0,0,0,0,0,0,0,0,0
Faxonius_peruncus,Cambaridea,1,tertiary_burrower,aquatic_burrower,no,no,cryptic,cryptic,cryptic,cryptic,cryptic,cryptic,cryptic,cryptic,cryptic,cryptic,cryptic,no,no,0,0,0,0,0,0,0,0,0
Faxonius_placidus,Cambaridea,1,tertiary_burrower,aquatic_burrower,no,no,cryptic,cryptic,cryptic,cryptic,cryptic,cryptic,cryptic,cryptic,cryptic,cryptic,cryptic,no,no,0,0,0,0,0,0,0,0,0
Faxonius_propinquus,Cambaridea,1,tertiary_burrower,aquatic_burrower,no,no,cryptic,cryptic,cryptic,cryptic,cryptic,cryptic,cryptic,cryptic,cryptic,cryptic,cryptic,no,no,0,0,0,0,0,0,0,0,0
Faxonius_punctimanus,Cambaridea,1,tertiary_burrower,aquatic_burrower,no,no,cryptic,cryptic,cryptic,cryptic,cryptic,cryptic,cryptic,cryptic,cryptic,cryptic,cryptic,no,no,0,0,0,0,0,0,0,0,0
Faxonius_putnami,Cambaridea,1,tertiary_burrower,aquatic_burrower,no,no,cryptic,cryptic,cryptic,cryptic,cryptic,cryptic,cryptic,cryptic,cryptic,cryptic,cryptic,no,no,0,0,0,0,0,0,0,0,0
Faxonius_quadruncus,Cambaridea,1,tertiary_burrower,aquatic_burrower,no,no,cryptic,cryptic,cryptic,cryptic,cryptic,cryptic,cryptic,cryptic,cryptic,cryptic,cryptic,no,no,0,0,0,0,0,0,0,0,0
Faxonius_quinebaugensis,Cambaridea,1,tertiary_burrower,aquatic_burrower,no,no,cryptic,cryptic,cryptic,cryptic,cryptic,cryptic,cryptic,cryptic,cryptic,cryptic,cryptic,no,no,0,0,0,0,0,0,0,0,0
Faxonius_rafinesquei,Cambaridea,1,tertiary_burrower,aquatic_burrower,no,no,cryptic,cryptic,cryptic,cryptic,cryptic,cryptic,cryptic,cryptic,cryptic,cryptic,cryptic,no,no,0,0,0,0,0,0,0,0,0
Faxonius_ronaldi,Cambaridea,1,tertiary_burrower,aquatic_burrower,no,no,cryptic,cryptic,cryptic,cryptic,cryptic,cryptic,cryptic,cryptic,cryptic,cryptic,cryptic,no,no,0,0,0,0,0,0,0,0,0
Faxonius_rusticus,Cambaridea,1,tertiary_burrower,aquatic_burrower,yes,no,cryptic,cryptic,cryptic,cryptic,cryptic,cryptic,cryptic,cryptic,cryptic,cryptic,cryptic,yes,purple,0,0,0,0,0,0,0,0,1
Faxonius_sanbornii,Cambaridea,1,tertiary_burrower,aquatic_burrower,no,no,cryptic,cryptic,cryptic,cryptic,cryptic,cryptic,cryptic,cryptic,cryptic,cryptic,cryptic,no,no,0,0,0,0,0,0,0,0,0
Faxonius_saxatilis,Cambaridea,1,tertiary_burrower,aquatic_burrower,no,no,cryptic,cryptic,cryptic,cryptic,cryptic,cryptic,cryptic,cryptic,cryptic,cryptic,cryptic,no,no,0,0,0,0,0,0,0,0,0
Faxonius_shoupi,Cambaridea,1,tertiary_burrower,aquatic_burrower,no,no,cryptic,cryptic,cryptic,cryptic,cryptic,cryptic,cryptic,cryptic,cryptic,cryptic,cryptic,no,no,0,0,0,0,0,0,0,0,0
Faxonius_spinosus,Cambaridea,1,tertiary_burrower,aquatic_burrower,no,no,cryptic,cryptic,cryptic,cryptic,cryptic,cryptic,cryptic,cryptic,cryptic,cryptic,cryptic,no,no,0,0,0,0,0,0,0,0,0
Faxonius_stannardi,Cambaridea,1,tertiary_burrower,aquatic_burrower,no,no,cryptic,cryptic,cryptic,cryptic,cryptic,cryptic,cryptic,cryptic,cryptic,cryptic,cryptic,no,no,0,0,0,0,0,0,0,0,0
Faxonius_tricuspis,Cambaridea,1,tertiary_burrower,aquatic_burrower,no,no,cryptic,cryptic,cryptic,cryptic,cryptic,cryptic,cryptic,cryptic,cryptic,cryptic,cryptic,no,no,0,0,0,0,0,0,0,0,0
Faxonius_validus,Cambaridea,1,tertiary_burrower,aquatic_burrower,no,no,cryptic,cryptic,cryptic,cryptic,cryptic,cryptic,cryptic,cryptic,cryptic,cryptic,cryptic,no,no,0,0,0,0,0,0,0,0,0
Faxonius_virginiensis,Cambaridea,1,tertiary_burrower,aquatic_burrower,no,no,cryptic,cryptic,cryptic,cryptic,cryptic,cryptic,cryptic,cryptic,cryptic,cryptic,cryptic,no,no,0,0,0,0,0,0,0,0,0
Faxonius_virilis,Cambaridea,1,tertiary_burrower,aquatic_burrower,yes,no,cryptic,cryptic,cryptic,cryptic,cryptic,cryptic,cryptic,cryptic,cryptic,cryptic,cryptic,yes,blue,0,0,0,0,0,0,1,0,0
Faxonius_williamsi,Cambaridea,1,tertiary_burrower,aquatic_burrower,no,no,cryptic,cryptic,cryptic,cryptic,cryptic,cryptic,cryptic,cryptic,cryptic,cryptic,cryptic,no,no,0,0,0,0,0,0,0,0,0
Faxonius_wrighti,Cambaridea,1,tertiary_burrower,aquatic_burrower,no,no,cryptic,cryptic,cryptic,cryptic,cryptic,cryptic,cryptic,cryptic,cryptic,cryptic,cryptic,no,no,0,0,0,0,0,0,0,0,0
Geocharax_falcata,Parastacidea,1,secondary_burrower,terrestrial_burrower,no,no,cryptic,cryptic,cryptic,cryptic,cryptic,cryptic,cryptic,cryptic,cryptic,cryptic,cryptic,no,no,0,0,0,0,0,0,0,0,0
Geocharax_gracilis,Parastacidea,1,secondary_burrower,terrestrial_burrower,no,no,cryptic,cryptic,cryptic,cryptic,cryptic,cryptic,cryptic,cryptic,cryptic,cryptic,cryptic,no,no,0,0,0,0,0,0,0,0,0
Gramastacus_insolitus,Parastacidea,1,secondary_burrower,terrestrial_burrower,no,no,cryptic,cryptic,cryptic,cryptic,cryptic,cryptic,cryptic,cryptic,cryptic,cryptic,cryptic,no,no,0,0,0,0,0,0,0,0,0
Hobbseus_cristatus,Cambaridea,1,secondary_burrower,terrestrial_burrower,no,no,cryptic,cryptic,cryptic,cryptic,cryptic,cryptic,cryptic,cryptic,cryptic,cryptic,cryptic,no,no,0,0,0,0,0,0,0,0,0
Hobbseus_prominens,Cambaridea,1,secondary_burrower,terrestrial_burrower,no,no,cryptic,cryptic,cryptic,cryptic,cryptic,cryptic,cryptic,cryptic,cryptic,cryptic,cryptic,no,no,0,0,0,0,0,0,0,0,0
Hobbseus_valleculus,Cambaridea,1,secondary_burrower,terrestrial_burrower,no,no,cryptic,cryptic,cryptic,cryptic,cryptic,cryptic,cryptic,cryptic,cryptic,cryptic,cryptic,no,no,0,0,0,0,0,0,0,0,0
Hobbseus_yalobushensis,Cambaridea,1,secondary_burrower,terrestrial_burrower,no,no,cryptic,cryptic,cryptic,cryptic,cryptic,cryptic,cryptic,cryptic,cryptic,cryptic,cryptic,no,no,0,0,0,0,0,0,0,0,0
Lacunicambarus_acanthura,Cambaridea,1,secondary_burrower,terrestrial_burrower,no,no,cryptic,cryptic,cryptic,cryptic,cryptic,cryptic,cryptic,cryptic,cryptic,cryptic,cryptic,no,no,0,0,0,0,0,0,0,0,0
Lacunicambarus_diogenes,Cambaridea,1,primary_burrower,terrestrial_burrower,no,no,cryptic,cryptic,cryptic,cryptic,cryptic,cryptic,cryptic,cryptic,cryptic,cryptic,cryptic,no,no,0,0,0,0,0,0,0,0,0
Ombrastacoides_asperrimanus,Parastacidea,1,primary_burrower,terrestrial_burrower,no,no,cryptic,cryptic,cryptic,cryptic,cryptic,cryptic,cryptic,cryptic,cryptic,cryptic,cryptic,no,no,0,0,0,0,0,0,0,0,0
Ombrastacoides_decemdentatus,Parastacidea,1,primary_burrower,terrestrial_burrower,no,no,cryptic,cryptic,cryptic,cryptic,cryptic,cryptic,cryptic,cryptic,cryptic,cryptic,cryptic,no,no,0,0,0,0,0,0,0,0,0
Ombrastacoides_denisoni,Parastacidea,1,primary_burrower,terrestrial_burrower,no,no,cryptic,cryptic,cryptic,cryptic,cryptic,cryptic,cryptic,cryptic,cryptic,cryptic,cryptic,no,no,0,0,0,0,0,0,0,0,0
Ombrastacoides_huonensis,Parastacidea,1,secondary_burrower,terrestrial_burrower,no,no,cryptic,cryptic,cryptic,cryptic,cryptic,cryptic,cryptic,cryptic,cryptic,cryptic,cryptic,no,no,0,0,0,0,0,0,0,0,0
Ombrastacoides_leptomerus,Parastacidea,1,secondary_burrower,terrestrial_burrower,no,no,cryptic,cryptic,cryptic,cryptic,cryptic,cryptic,cryptic,cryptic,cryptic,cryptic,cryptic,no,no,0,0,0,0,0,0,0,0,0
Ombrastacoides_professorum,Parastacidea,1,primary_burrower,terrestrial_burrower,no,no,cryptic,cryptic,cryptic,cryptic,cryptic,cryptic,cryptic,cryptic,cryptic,cryptic,cryptic,no,no,0,0,0,0,0,0,0,0,0
Ombrastacoides_pulcher,Parastacidea,1,primary_burrower,terrestrial_burrower,no,no,cryptic,cryptic,cryptic,cryptic,cryptic,cryptic,cryptic,cryptic,cryptic,cryptic,cryptic,no,no,0,0,0,0,0,0,0,0,0
Pacifastacus_fortis,Astacidea,1,tertiary_burrower,aquatic_burrower,no,no,cryptic,cryptic,cryptic,cryptic,cryptic,cryptic,cryptic,cryptic,cryptic,cryptic,cryptic,no,no,0,0,0,0,0,0,0,0,0
Pacifastacus_gambelii,Astacidea,1,tertiary_burrower,aquatic_burrower,no,no,cryptic,cryptic,cryptic,cryptic,cryptic,cryptic,cryptic,cryptic,cryptic,cryptic,cryptic,no,no,0,0,0,0,0,0,0,0,0
Pacifastacus_leniusculus_leniusculus,Astacidea,1,tertiary_burrower,aquatic_burrower,no,no,cryptic,cryptic,cryptic,cryptic,cryptic,cryptic,cryptic,cryptic,cryptic,cryptic,cryptic,no,no,0,0,0,0,0,0,0,0,0
Pacifastacus_leniusculus_trowbridgii,Astacidea,1,tertiary_burrower,aquatic_burrower,no,no,cryptic,cryptic,cryptic,cryptic,cryptic,cryptic,cryptic,cryptic,cryptic,cryptic,cryptic,no,no,0,0,0,0,0,0,0,0,0
Paranephrops_planifrons,Parastacidea,1,tertiary_burrower,aquatic_burrower,no,no,cryptic,cryptic,cryptic,cryptic,cryptic,cryptic,cryptic,cryptic,cryptic,cryptic,cryptic,no,no,0,0,0,0,0,0,0,0,0
Paranephrops_zealandicus,Parastacidea,1,tertiary_burrower,aquatic_burrower,no,no,cryptic,cryptic,cryptic,cryptic,cryptic,cryptic,cryptic,cryptic,cryptic,cryptic,cryptic,no,no,0,0,0,0,0,0,0,0,0
Parastacus_brasiliensis,Parastacidea,1,primary_burrower,terrestrial_burrower,no,no,cryptic,cryptic,cryptic,cryptic,cryptic,cryptic,cryptic,cryptic,cryptic,cryptic,cryptic,no,no,0,0,0,0,0,0,0,0,0
Parastacus_pilimanus,Parastacidea,1,primary_burrower,terrestrial_burrower,no,no,cryptic,cryptic,cryptic,cryptic,cryptic,cryptic,cryptic,cryptic,cryptic,cryptic,cryptic,no,no,0,0,0,0,0,0,0,0,0
Parastacus_pugnax,Parastacidea,1,primary_burrower,terrestrial_burrower,no,no,cryptic,cryptic,cryptic,cryptic,cryptic,cryptic,cryptic,cryptic,cryptic,cryptic,cryptic,no,no,0,0,0,0,0,0,0,0,0
Parastacus_varicosus,Parastacidea,1,primary_burrower,terrestrial_burrower,no,no,cryptic,cryptic,cryptic,cryptic,cryptic,cryptic,cryptic,cryptic,cryptic,cryptic,cryptic,no,no,0,0,0,0,0,0,0,0,0
Procambarus_acutissimus,Cambaridea,1,tertiary_burrower,aquatic_burrower,no,no,cryptic,cryptic,cryptic,cryptic,cryptic,cryptic,cryptic,cryptic,cryptic,cryptic,cryptic,no,no,0,0,0,0,0,0,0,0,0
Procambarus_advena,Cambaridea,1,primary_burrower,terrestrial_burrower,no,no,cryptic,cryptic,cryptic,cryptic,cryptic,cryptic,cryptic,cryptic,cryptic,cryptic,cryptic,no,no,0,0,0,0,0,0,0,0,0
Procambarus_alleni,Cambaridea,1,secondary_burrower,terrestrial_burrower,no,no,cryptic,cryptic,cryptic,cryptic,cryptic,cryptic,cryptic,cryptic,cryptic,cryptic,cryptic,no,no,0,0,0,0,0,0,0,0,0
Procambarus_ancylus,Cambaridea,1,tertiary_burrower,aquatic_burrower,no,no,cryptic,cryptic,cryptic,cryptic,cryptic,cryptic,cryptic,cryptic,cryptic,cryptic,cryptic,no,no,0,0,0,0,0,0,0,0,0
Procambarus_apalachicolae,Cambaridea,1,secondary_burrower,terrestrial_burrower,no,no,cryptic,cryptic,cryptic,cryptic,cryptic,cryptic,cryptic,cryptic,cryptic,cryptic,cryptic,no,no,0,0,0,0,0,0,0,0,0
Procambarus_barbatus,Cambaridea,1,tertiary_burrower,aquatic_burrower,no,no,cryptic,cryptic,cryptic,cryptic,cryptic,cryptic,cryptic,cryptic,cryptic,cryptic,cryptic,no,no,0,0,0,0,0,0,0,0,0
Procambarus_bivittatus,Cambaridea,1,tertiary_burrower,aquatic_burrower,no,no,cryptic,cryptic,cryptic,cryptic,cryptic,cryptic,cryptic,cryptic,cryptic,cryptic,cryptic,no,no,0,0,0,0,0,0,0,0,0
Procambarus_blandingii,Cambaridea,1,tertiary_burrower,aquatic_burrower,no,no,cryptic,cryptic,cryptic,cryptic,cryptic,cryptic,cryptic,cryptic,cryptic,cryptic,cryptic,no,no,0,0,0,0,0,0,0,0,0
Procambarus_bouvieri,Cambaridea,1,tertiary_burrower,aquatic_burrower,yes,no,cryptic,cryptic,cryptic,cryptic,cryptic,cryptic,cryptic,cryptic,cryptic,cryptic,cryptic,yes,red,0,0,0,0,0,1,0,0,0
Procambarus_braswelli,Cambaridea,1,tertiary_burrower,aquatic_burrower,no,no,cryptic,cryptic,cryptic,cryptic,cryptic,cryptic,cryptic,cryptic,cryptic,cryptic,cryptic,no,no,0,0,0,0,0,0,0,0,0
Procambarus_capillatus,Cambaridea,1,secondary_burrower,terrestrial_burrower,no,no,cryptic,cryptic,cryptic,cryptic,cryptic,cryptic,cryptic,cryptic,cryptic,cryptic,cryptic,no,no,0,0,0,0,0,0,0,0,0
Procambarus_caritus,Cambaridea,1,primary_burrower,terrestrial_burrower,no,no,cryptic,cryptic,cryptic,cryptic,cryptic,cryptic,cryptic,cryptic,cryptic,cryptic,cryptic,no,no,0,0,0,0,0,0,0,0,0
Procambarus_ceruleus,Cambaridea,1,primary_burrower,terrestrial_burrower,no,no,cryptic,cryptic,cryptic,cryptic,cryptic,cryptic,cryptic,cryptic,cryptic,cryptic,cryptic,no,no,0,0,0,0,0,0,0,0,0
Procambarus_chacei,Cambaridea,1,tertiary_burrower,aquatic_burrower,no,no,cryptic,cryptic,cryptic,cryptic,cryptic,cryptic,cryptic,cryptic,cryptic,cryptic,cryptic,no,no,0,0,0,0,0,0,0,0,0
Procambarus_clemmeri,Cambaridea,1,tertiary_burrower,aquatic_burrower,no,no,cryptic,cryptic,cryptic,cryptic,cryptic,cryptic,cryptic,cryptic,cryptic,cryptic,cryptic,no,no,0,0,0,0,0,0,0,0,0
Procambarus_curdi,Cambaridea,1,tertiary_burrower,aquatic_burrower,no,no,cryptic,cryptic,cryptic,cryptic,cryptic,cryptic,cryptic,cryptic,cryptic,cryptic,cryptic,no,no,0,0,0,0,0,0,0,0,0
Procambarus_dupratzi,Cambaridea,1,tertiary_burrower,aquatic_burrower,no,no,cryptic,cryptic,cryptic,cryptic,cryptic,cryptic,cryptic,cryptic,cryptic,cryptic,cryptic,no,no,0,0,0,0,0,0,0,0,0
Procambarus_econfinae,Cambaridea,1,secondary_burrower,terrestrial_burrower,no,no,cryptic,cryptic,cryptic,cryptic,cryptic,cryptic,cryptic,cryptic,cryptic,cryptic,cryptic,no,no,0,0,0,0,0,0,0,0,0
Procambarus_epicyrtus,Cambaridea,1,tertiary_burrower,aquatic_burrower,no,no,cryptic,cryptic,cryptic,cryptic,cryptic,cryptic,cryptic,cryptic,cryptic,cryptic,cryptic,no,no,0,0,0,0,0,0,0,0,0
Procambarus_escambiensis,Cambaridea,1,secondary_burrower,terrestrial_burrower,no,no,cryptic,cryptic,cryptic,cryptic,cryptic,cryptic,cryptic,cryptic,cryptic,cryptic,cryptic,no,no,0,0,0,0,0,0,0,0,0
Procambarus_evermanni,Cambaridea,1,tertiary_burrower,aquatic_burrower,no,no,cryptic,cryptic,cryptic,cryptic,cryptic,cryptic,cryptic,cryptic,cryptic,cryptic,cryptic,no,no,0,0,0,0,0,0,0,0,0
Procambarus_geminus,Cambaridea,1,tertiary_burrower,aquatic_burrower,no,no,cryptic,cryptic,cryptic,cryptic,cryptic,cryptic,cryptic,cryptic,cryptic,cryptic,cryptic,no,no,0,0,0,0,0,0,0,0,0
Procambarus_gibbus,Cambaridea,1,tertiary_burrower,aquatic_burrower,no,no,cryptic,cryptic,cryptic,cryptic,cryptic,cryptic,cryptic,cryptic,cryptic,cryptic,cryptic,no,no,0,0,0,0,0,0,0,0,0
Procambarus_hayi,Cambaridea,1,tertiary_burrower,aquatic_burrower,no,no,cryptic,cryptic,cryptic,cryptic,cryptic,cryptic,cryptic,cryptic,cryptic,cryptic,cryptic,no,no,0,0,0,0,0,0,0,0,0
Procambarus_hirsutus,Cambaridea,1,tertiary_burrower,aquatic_burrower,no,no,cryptic,cryptic,cryptic,cryptic,cryptic,cryptic,cryptic,cryptic,cryptic,cryptic,cryptic,no,no,0,0,0,0,0,0,0,0,0
Procambarus_hubbelli,Cambaridea,1,secondary_burrower,terrestrial_burrower,no,no,cryptic,cryptic,cryptic,cryptic,cryptic,cryptic,cryptic,cryptic,cryptic,cryptic,cryptic,no,no,0,0,0,0,0,0,0,0,0
Procambarus_incilis,Cambaridea,1,tertiary_burrower,aquatic_burrower,no,no,cryptic,cryptic,cryptic,cryptic,cryptic,cryptic,cryptic,cryptic,cryptic,cryptic,cryptic,no,no,0,0,0,0,0,0,0,0,0
Procambarus_kensleyi,Cambaridea,1,tertiary_burrower,aquatic_burrower,no,no,cryptic,cryptic,cryptic,cryptic,cryptic,cryptic,cryptic,cryptic,cryptic,cryptic,cryptic,no,no,0,0,0,0,0,0,0,0,0
Procambarus_latipleurum,Cambaridea,1,secondary_burrower,terrestrial_burrower,no,no,cryptic,cryptic,cryptic,cryptic,cryptic,cryptic,cryptic,cryptic,cryptic,cryptic,cryptic,no,no,0,0,0,0,0,0,0,0,0
Procambarus_leonensis,Cambaridea,1,tertiary_burrower,aquatic_burrower,no,no,cryptic,cryptic,cryptic,cryptic,cryptic,cryptic,cryptic,cryptic,cryptic,cryptic,cryptic,no,no,0,0,0,0,0,0,0,0,0
Procambarus_litosternum,Cambaridea,1,tertiary_burrower,aquatic_burrower,no,no,cryptic,cryptic,cryptic,cryptic,cryptic,cryptic,cryptic,cryptic,cryptic,cryptic,cryptic,no,no,0,0,0,0,0,0,0,0,0
Procambarus_lunzi,Cambaridea,1,tertiary_burrower,aquatic_burrower,no,no,cryptic,cryptic,cryptic,cryptic,cryptic,cryptic,cryptic,cryptic,cryptic,cryptic,cryptic,no,no,0,0,0,0,0,0,0,0,0
Procambarus_natchitochae,Cambaridea,1,tertiary_burrower,aquatic_burrower,no,no,cryptic,cryptic,cryptic,cryptic,cryptic,cryptic,cryptic,cryptic,cryptic,cryptic,cryptic,no,no,0,0,0,0,0,0,0,0,0
Procambarus_nigrocinctus,Cambaridea,1,tertiary_burrower,aquatic_burrower,no,no,cryptic,cryptic,cryptic,cryptic,cryptic,cryptic,cryptic,cryptic,cryptic,cryptic,cryptic,no,no,0,0,0,0,0,0,0,0,0
Procambarus_ouachitae,Cambaridea,1,tertiary_burrower,aquatic_burrower,no,no,cryptic,cryptic,cryptic,cryptic,cryptic,cryptic,cryptic,cryptic,cryptic,cryptic,cryptic,no,no,0,0,0,0,0,0,0,0,0
Procambarus_pearsei,Cambaridea,1,secondary_burrower,terrestrial_burrower,no,no,cryptic,cryptic,cryptic,cryptic,cryptic,cryptic,cryptic,cryptic,cryptic,cryptic,cryptic,no,no,0,0,0,0,0,0,0,0,0
Procambarus_pictus,Cambaridea,1,tertiary_burrower,aquatic_burrower,no,no,cryptic,cryptic,cryptic,cryptic,cryptic,cryptic,cryptic,cryptic,cryptic,cryptic,cryptic,no,no,0,0,0,0,0,0,0,0,0
Procambarus_pubescens,Cambaridea,1,tertiary_burrower,aquatic_burrower,no,no,cryptic,cryptic,cryptic,cryptic,cryptic,cryptic,cryptic,cryptic,cryptic,cryptic,cryptic,no,no,0,0,0,0,0,0,0,0,0
Procambarus_pycnogonopodus,Cambaridea,1,tertiary_burrower,aquatic_burrower,no,no,cryptic,cryptic,cryptic,cryptic,cryptic,cryptic,cryptic,cryptic,cryptic,cryptic,cryptic,no,no,0,0,0,0,0,0,0,0,0
Procambarus_raneyi,Cambaridea,1,tertiary_burrower,aquatic_burrower,no,no,cryptic,cryptic,cryptic,cryptic,cryptic,cryptic,cryptic,cryptic,cryptic,cryptic,cryptic,no,no,0,0,0,0,0,0,0,0,0
Procambarus_rathbunae,Cambaridea,1,secondary_burrower,terrestrial_burrower,no,no,cryptic,cryptic,cryptic,cryptic,cryptic,cryptic,cryptic,cryptic,cryptic,cryptic,cryptic,no,no,0,0,0,0,0,0,0,0,0
Procambarus_regalis,Cambaridea,1,secondary_burrower,terrestrial_burrower,no,no,cryptic,cryptic,cryptic,cryptic,cryptic,cryptic,cryptic,cryptic,cryptic,cryptic,cryptic,no,no,0,0,0,0,0,0,0,0,0
Procambarus_regiomontanus,Cambaridea,1,tertiary_burrower,aquatic_burrower,no,no,cryptic,cryptic,cryptic,cryptic,cryptic,cryptic,cryptic,cryptic,cryptic,cryptic,cryptic,no,no,0,0,0,0,0,0,0,0,0
Procambarus_reimeri,Cambaridea,1,secondary_burrower,terrestrial_burrower,no,no,cryptic,cryptic,cryptic,cryptic,cryptic,cryptic,cryptic,cryptic,cryptic,cryptic,cryptic,no,no,0,0,0,0,0,0,0,0,0
Procambarus_seminolae,Cambaridea,1,tertiary_burrower,aquatic_burrower,no,no,cryptic,cryptic,cryptic,cryptic,cryptic,cryptic,cryptic,cryptic,cryptic,cryptic,cryptic,no,no,0,0,0,0,0,0,0,0,0
Procambarus_shermani,Cambaridea,1,secondary_burrower,terrestrial_burrower,no,no,cryptic,cryptic,cryptic,cryptic,cryptic,cryptic,cryptic,cryptic,cryptic,cryptic,cryptic,no,no,0,0,0,0,0,0,0,0,0
Procambarus_simulans,Cambaridea,1,secondary_burrower,terrestrial_burrower,no,no,cryptic,cryptic,cryptic,cryptic,cryptic,cryptic,cryptic,cryptic,cryptic,cryptic,cryptic,no,no,0,0,0,0,0,0,0,0,0
Procambarus_spiculifer,Cambaridea,1,tertiary_burrower,aquatic_burrower,no,no,cryptic,cryptic,cryptic,cryptic,cryptic,cryptic,cryptic,cryptic,cryptic,cryptic,cryptic,no,no,0,0,0,0,0,0,0,0,0
Procambarus_suttkusi,Cambaridea,1,tertiary_burrower,aquatic_burrower,no,no,cryptic,cryptic,cryptic,cryptic,cryptic,cryptic,cryptic,cryptic,cryptic,cryptic,cryptic,no,no,0,0,0,0,0,0,0,0,0
Procambarus_talpoides,Cambaridea,1,primary_burrower,terrestrial_burrower,no,no,cryptic,cryptic,cryptic,cryptic,cryptic,cryptic,cryptic,cryptic,cryptic,cryptic,cryptic,no,no,0,0,0,0,0,0,0,0,0
Procambarus_troglodytes,Cambaridea,1,tertiary_burrower,aquatic_burrower,no,no,cryptic,cryptic,cryptic,cryptic,cryptic,cryptic,cryptic,cryptic,cryptic,cryptic,cryptic,no,no,0,0,0,0,0,0,0,0,0
Procambarus_truculentus,Cambaridea,1,primary_burrower,terrestrial_burrower,no,no,cryptic,cryptic,cryptic,cryptic,cryptic,cryptic,cryptic,cryptic,cryptic,cryptic,cryptic,no,no,0,0,0,0,0,0,0,0,0
Procambarus_tulanei,Cambaridea,1,secondary_burrower,terrestrial_burrower,no,no,cryptic,cryptic,cryptic,cryptic,cryptic,cryptic,cryptic,cryptic,cryptic,cryptic,cryptic,no,no,0,0,0,0,0,0,0,0,0
Procambarus_versutus,Cambaridea,1,tertiary_burrower,aquatic_burrower,no,no,cryptic,cryptic,cryptic,cryptic,cryptic,cryptic,cryptic,cryptic,cryptic,cryptic,cryptic,no,no,0,0,0,0,0,0,0,0,0
Procambarus_youngi,Cambaridea,1,tertiary_burrower,aquatic_burrower,no,no,cryptic,cryptic,cryptic,cryptic,cryptic,cryptic,cryptic,cryptic,cryptic,cryptic,cryptic,no,no,0,0,0,0,0,0,0,0,0
Samastacus_spinifrons,Parastacidea,1,primary_burrower,terrestrial_burrower,no,no,cryptic,cryptic,cryptic,cryptic,cryptic,cryptic,cryptic,cryptic,cryptic,cryptic,cryptic,no,no,0,0,0,0,0,0,0,0,0
Spinastacoides_catinipalmus,Parastacidea,1,primary_burrower,terrestrial_burrower,no,no,cryptic,cryptic,cryptic,cryptic,cryptic,cryptic,cryptic,cryptic,cryptic,cryptic,cryptic,no,no,0,0,0,0,0,0,0,0,0
Spinastacoides_insignis,Parastacidea,1,primary_burrower,terrestrial_burrower,no,no,cryptic,cryptic,cryptic,cryptic,cryptic,cryptic,cryptic,cryptic,cryptic,cryptic,cryptic,no,no,0,0,0,0,0,0,0,0,0
Tenuibranchiurus_glypticus,Parastacidea,1,secondary_burrower,terrestrial_burrower,no,no,cryptic,cryptic,cryptic,cryptic,cryptic,cryptic,cryptic,cryptic,cryptic,cryptic,cryptic,no,no,0,0,0,0,0,0,0,0,0
Virilastacus_araucanius,Parastacidea,1,primary_burrower,terrestrial_burrower,no,no,cryptic,cryptic,cryptic,cryptic,cryptic,cryptic,cryptic,cryptic,cryptic,cryptic,cryptic,no,no,0,0,0,0,0,0,0,0,0
Virilastacus_retamali,Parastacidea,1,secondary_burrower,terrestrial_burrower,no,no,cryptic,cryptic,cryptic,cryptic,cryptic,cryptic,cryptic,cryptic,cryptic,cryptic,cryptic,no,no,0,0,0,0,0,0,0,0,0
Virilastacus_rucapihuelensis,Parastacidea,1,primary_burrower,terrestrial_burrower,no,no,cryptic,cryptic,cryptic,cryptic,cryptic,cryptic,cryptic,cryptic,cryptic,cryptic,cryptic,no,no,0,0,0,0,0,0,0,0,0
Faxonius_eupunctus,Cambaridea,1,tertiary_burrower,aquatic_burrower,yes,yes,red,cryptic,cryptic,cryptic,cryptic,cryptic,cryptic,cryptic,cryptic,cryptic,cryptic,no,no,1,0,0,0,0,0,0,0,0
Cambarus_englishi,Cambaridea,1,tertiary_burrower,aquatic_burrower,no,no,cryptic,red,cryptic,cryptic,cryptic,cryptic,cryptic,cryptic,cryptic,cryptic,cryptic,no,no,0,0,0,0,0,0,0,0,0
Faxonius_marchandi,Cambaridea,1,tertiary_burrower,aquatic_burrower,no,no,cryptic,red,cryptic,cryptic,cryptic,cryptic,cryptic,cryptic,cryptic,cryptic,cryptic,no,no,0,0,0,0,0,0,0,0,0
Pacifastacus_connectens,Astacidea,1,tertiary_burrower,aquatic_burrower,no,no,cryptic,red,cryptic,cryptic,cryptic,cryptic,cryptic,cryptic,cryptic,cryptic,cryptic,no,no,0,0,0,0,0,0,0,0,0
Euastacus_urospinosus,Parastacidea,1,secondary_burrower,terrestrial_burrower,no,no,cryptic,cryptic,red,cryptic,cryptic,cryptic,cryptic,cryptic,cryptic,cryptic,cryptic,no,no,0,0,0,0,0,0,0,0,0
Cambarus_strigosus,Cambaridea,1,primary_burrower,terrestrial_burrower,no,no,cryptic,cryptic,cryptic,purple,cryptic,cryptic,cryptic,cryptic,cryptic,cryptic,cryptic,no,no,0,0,0,0,0,0,0,0,0
Engaeus_martigener,Parastacidea,1,primary_burrower,terrestrial_burrower,no,no,cryptic,cryptic,cryptic,purple,cryptic,cryptic,cryptic,cryptic,cryptic,cryptic,cryptic,no,no,0,0,0,0,0,0,0,0,0
Astacoides_betsileoensis,Parastacidea,1,secondary_burrower,terrestrial_burrower,yes,yes,red,red,cryptic,red,red,cryptic,cryptic,cryptic,cryptic,cryptic,cryptic,yes,red,1,0,0,0,0,1,0,0,0
Procambarus_liberorum,Cambaridea,1,primary_burrower,terrestrial_burrower,yes,yes,red,red,red,red,red,cryptic,cryptic,cryptic,cryptic,cryptic,cryptic,yes,blue,1,0,0,0,0,0,1,0,0
Procambarus_howellae,Cambaridea,1,tertiary_burrower,aquatic_burrower,yes,yes,red,red,red,red,red,red,cryptic,cryptic,cryptic,cryptic,cryptic,yes,red,1,0,0,0,0,1,0,0,0
Cambarus_speciosus,Cambaridea,1,tertiary_burrower,aquatic_burrower,no,no,cryptic,cryptic,cryptic,cryptic,cryptic,cryptic,cryptic,orange,cryptic,cryptic,cryptic,no,no,0,0,0,0,0,0,0,0,0
Faxonius_mirus,Cambaridea,1,tertiary_burrower,aquatic_burrower,no,no,cryptic,cryptic,cryptic,cryptic,cryptic,cryptic,cryptic,orange,cryptic,cryptic,cryptic,no,no,0,0,0,0,0,0,0,0,0
Cambarus_williami,Cambaridea,1,tertiary_burrower,aquatic_burrower,no,no,cryptic,cryptic,cryptic,orange,cryptic,cryptic,cryptic,orange,orange,cryptic,cryptic,no,no,0,0,0,0,0,0,0,0,0
Procambarus_acutus,Cambaridea,1,tertiary_burrower,aquatic_burrower,yes,yes,red,red,red,red,red,red,red,red,red,cryptic,cryptic,yes,red,1,0,0,0,0,1,0,0,0
Procambarus_zonangulus,Cambaridea,1,tertiary_burrower,aquatic_burrower,yes,yes,red,red,red,red,red,red,red,red,red,cryptic,cryptic,yes,red,1,0,0,0,0,1,0,0,0
Cambarus_hubbsi,Cambaridea,1,tertiary_burrower,aquatic_burrower,no,no,cryptic,cryptic,cryptic_orange,cryptic,cryptic,cryptic,cryptic,cryptic,cryptic,orange,cryptic,no,no,0,0,0,0,0,0,0,0,0
Engaeus_granulatus,Parastacidea,1,primary_burrower,terrestrial_burrower,no,no,cryptic,cryptic,cryptic,cryptic,cryptic,cryptic,cryptic,cryptic,cryptic,orange,cryptic,no,no,0,0,0,0,0,0,0,0,0
Cambarus_manningi,Cambaridea,1,tertiary_burrower,aquatic_burrower,no,no,cryptic,cryptic,orange,cryptic,cryptic,cryptic,cryptic,cryptic,cryptic,orange,cryptic,no,no,0,0,0,0,0,0,0,0,0
Ombrastacoides_ingressus,Parastacidea,1,primary_burrower,terrestrial_burrower,no,no,cryptic,cryptic,cryptic,cryptic,cryptic,cryptic,cryptic,orange,cryptic,cryptic,orange,no,no,0,0,0,0,0,0,0,0,0
Cambarus_brachydactylus,Cambaridea,1,tertiary_burrower,aquatic_burrower,no,no,cryptic,orange,orange,cryptic,cryptic,cryptic,cryptic,orange,orange,cryptic,orange,no,no,0,0,0,0,0,0,0,0,0
Distocambarus_carlsoni,Cambaridea,1,primary_burrower,terrestrial_burrower,yes,yes,orange,orange,orange,orange,orange,orange,cryptic,orange,orange,cryptic,orange,yes,orange,0,0,1,0,0,0,0,1,0
Engaeus_hemicirratulus,Parastacidea,1,primary_burrower,terrestrial_burrower,yes,yes,orange,orange,orange,orange,orange,orange,orange,orange,orange,cryptic,orange,yes,orange,0,0,1,0,0,0,0,1,0
Euastacus_suttoni,Parastacidea,1,tertiary_burrower,aquatic_burrower,yes,yes,blue_red,blue_red,blue_red,blue_red,cryptic,blue_red,blue_red,orange,orange,orange,orange,yes,blue_red,1,1,0,0,0,1,1,0,0
Euastacus_dangadi,Parastacidea,1,tertiary_burrower,aquatic_burrower,yes,no,cryptic,cryptic,cryptic,cryptic,cryptic,cryptic,blue_red,orange,orange,orange,orange,yes,orange_red,0,0,0,0,0,1,0,1,0
Parastacus_nicoleti,Parastacidea,1,primary_burrower,terrestrial_burrower,yes,yes,orange,orange,orange,orange,orange,orange,cryptic,orange,orange,orange,orange,yes,orange,0,0,1,0,0,0,0,1,0
Engaeus_tayatea,Parastacidea,1,primary_burrower,terrestrial_burrower,no,no,cryptic,orange,orange,red,red,red,cryptic,orange,orange,orange,orange,no,no,0,0,0,0,0,0,0,0,0
Cambarus_obeyensis,Cambaridea,1,tertiary_burrower,aquatic_burrower,no,no,cryptic,orange,cryptic,orange,orange,cryptic,orange,orange,orange,orange,orange,no,no,0,0,0,0,0,0,0,0,0
Engaeus_affinis,Parastacidea,1,primary_burrower,terrestrial_burrower,yes,no,orange,cryptic,orange,orange,orange,orange,orange,orange,orange,orange,orange,yes,blue,0,0,0,0,0,0,1,0,0
Cambarus_batchi,Cambaridea,1,primary_burrower,terrestrial_burrower,yes,yes,orange,orange,orange,orange,orange,orange,orange,orange,orange,orange,orange,yes,orange,0,0,1,0,0,0,0,1,0
Cambarus_truncatus,Cambaridea,1,primary_burrower,terrestrial_burrower,yes,yes,orange,orange,orange,orange,orange,orange,orange,orange,orange,orange,orange,yes,no,0,0,1,0,0,0,0,0,0
Engaeus_curvisuturus,Parastacidea,1,primary_burrower,terrestrial_burrower,yes,yes,orange,orange,orange,orange,orange,orange,orange,orange,orange,orange,orange,no,no,0,0,1,0,0,0,0,0,0
Engaeus_cymus,Parastacidea,1,primary_burrower,terrestrial_burrower,yes,yes,orange,orange,orange,orange,orange,orange,orange,orange,orange,orange,orange,yes,orange,0,0,1,0,0,0,0,1,0
Engaeus_disjuncticus,Parastacidea,1,primary_burrower,terrestrial_burrower,yes,yes,orange,orange,orange,orange,orange,orange,orange,orange,orange,orange,orange,yes,blue,0,0,1,0,0,0,1,0,0
Engaeus_tuberculatus,Parastacidea,1,primary_burrower,terrestrial_burrower,yes,yes,orange,orange,orange,orange,orange,orange,orange,orange,orange,orange,orange,yes,orange,0,0,1,0,0,0,0,1,0
Engaeus_victoriensis,Parastacidea,1,primary_burrower,terrestrial_burrower,yes,yes,orange,orange,orange,orange,orange,orange,orange,orange,orange,orange,orange,yes,orange,0,0,1,0,0,0,0,1,0
Pacifastacus_leniusculus_klamathensis,Astacidea,1,tertiary_burrower,aquatic_burrower,yes,yes,orange,orange,orange,orange,orange,orange,orange,orange,orange,orange,orange,yes,orange_red,0,0,1,0,0,1,0,1,0
Engaeus_rostrogaleatus,Parastacidea,1,secondary_burrower,terrestrial_burrower,yes,yes,orange,red,orange,orange,orange,orange,orange,orange,orange,orange,orange,yes,orange,0,0,1,0,0,0,0,1,0
Procambarus_steigmani,Cambaridea,1,primary_burrower,terrestrial_burrower,yes,yes,orange,red,red,red,cryptic_red,cryptic_red,red,orange,orange,orange,orange,yes,orange,0,0,1,0,0,0,0,1,0
Procambarus_okaloosae,Cambaridea,1,tertiary_burrower,aquatic_burrower,yes,yes,red,red,red,red,red,red,red,orange,orange,orange,orange,yes,red,1,0,0,0,0,1,0,0,0
Engaeus_cisternarius,Parastacidea,1,primary_burrower,terrestrial_burrower,no,no,cryptic,orange,orange,orange,orange,orange,orange,red,red,orange,orange,no,no,0,0,0,0,0,0,0,0,0
Engaeus_australis,Parastacidea,1,primary_burrower,terrestrial_burrower,yes,yes,orange_red,orange_red,orange_red,orange_red,orange_red,orange_red,orange_red,red,red,orange,orange,yes,orange_red,1,0,1,0,0,1,0,1,0
Engaeus_fultoni,Parastacidea,1,primary_burrower,terrestrial_burrower,yes,yes,orange,red,orange,orange,orange,orange,orange,orange,orange,orange_blue,orange,yes,orange,0,0,1,0,0,0,0,1,0
Engaeus_fossor,Parastacidea,1,primary_burrower,terrestrial_burrower,yes,yes,orange_blue,blue,orange_blue,orange_blue,orange_blue,orange_blue,orange_blue,orange_blue,orange_blue,orange_blue,orange_blue,yes,blue,0,1,0,0,0,0,1,0,0
Lacunicambarus_miltus,Cambaridea,1,primary_burrower,terrestrial_burrower,yes,yes,orange_cryptic,orange_cryptic,orange_cryptic,orange_cryptic,orange_cryptic,orange_cryptic,orange_cryptic,orange_cryptic,orange_cryptic,orange_cryptic,orange_cryptic,yes,orange,0,0,1,0,0,0,0,1,0
Cambarus_pyronotus,Cambaridea,1,primary_burrower,terrestrial_burrower,yes,yes,orange_red,orange_red,orange_red,orange_red,orange_red,orange_red,orange_red,orange_red,orange_red,cryptic,orange_red,yes,orange_red,1,0,1,0,0,1,0,1,0
Euastacus_yanga,Parastacidea,1,tertiary_burrower,aquatic_burrower,yes,yes,red,orange_red,orange_red,orange_red,orange_red,orange_red,orange_red,orange_red,orange_red,orange_red,orange_red,yes,red,1,0,0,0,0,1,0,0,0
Creaserinus_byersi,Cambaridea,1,primary_burrower,terrestrial_burrower,yes,yes,purple,purple,purple,purple,purple,purple,cryptic,purple,purple,cryptic,purple,yes,purple,0,0,0,1,0,0,0,0,1
Procambarus_enoplosternum,Cambaridea,1,tertiary_burrower,aquatic_burrower,yes,yes,red,red,red,red,red,red,red,cryptic,cryptic,cryptic,red,yes,red,1,0,0,0,0,1,0,0,0
Procambarus_fallax,Cambaridea,1,secondary_burrower,terrestrial_burrower,no,no,cryptic,orange,cryptic,cryptic,cryptic,cryptic,cryptic,red,red,cryptic,red,no,no,0,0,0,0,0,0,0,0,0
Procambarus_paeninsulanus,Cambaridea,1,tertiary_burrower,aquatic_burrower,yes,yes,red,red,red,red,red,red,red,red,red,cryptic,red,yes,red,1,0,0,0,0,1,0,0,0
Procambarus_llamasi,Cambaridea,1,secondary_burrower,terrestrial_burrower,no,no,cryptic,red,cryptic,red,red,cryptic,cryptic,orange,cryptic,red,red,no,no,0,0,0,0,0,0,0,0,0
Euastacus_robertsi,Parastacidea,1,tertiary_burrower,aquatic_burrower,yes,yes,purple,red,red,red,cryptic,red,red,red,cryptic,red,red,yes,purple,0,0,0,1,0,0,0,0,1
Euastacus_australasiensis,Parastacidea,1,primary_burrower,terrestrial_burrower,yes,yes,red,red,red,red,red,red,red,red,cryptic,red,red,yes,red,1,0,0,0,0,1,0,0,0
Procambarus_toltecae,Cambaridea,1,tertiary_burrower,aquatic_burrower,yes,yes,red,red,red,red,red,cryptic,cryptic,red,red,red,red,yes,red,1,0,0,0,0,1,0,0,0
Procambarus_clarkii,Cambaridea,1,secondary_burrower,terrestrial_burrower,yes,yes,red,red,red,red,red,red,red,red,red,red,red,yes,red,1,0,0,0,0,1,0,0,0
Cambarus_aculabrum,Cambaridea,1,tertiary_burrower,aquatic_burrower,no,no,unpigmented,unpigmented,unpigmented,unpigmented,unpigmented,unpigmented,unpigmented,unpigmented,unpigmented,unpigmented,unpigmented,no,unpigmented,0,0,0,0,1,0,0,0,0
Cambarus_cryptodytes,Cambaridea,1,tertiary_burrower,aquatic_burrower,no,no,unpigmented,unpigmented,unpigmented,unpigmented,unpigmented,unpigmented,unpigmented,unpigmented,unpigmented,unpigmented,unpigmented,no,unpigmented,0,0,0,0,1,0,0,0,0
Cambarus_hamulatus,Cambaridea,1,tertiary_burrower,aquatic_burrower,no,no,unpigmented,unpigmented,unpigmented,unpigmented,unpigmented,unpigmented,unpigmented,unpigmented,unpigmented,unpigmented,unpigmented,no,unpigmented,0,0,0,0,1,0,0,0,0
Cambarus_hubrichti,Cambaridea,1,tertiary_burrower,aquatic_burrower,no,no,unpigmented,unpigmented,unpigmented,unpigmented,unpigmented,unpigmented,unpigmented,unpigmented,unpigmented,unpigmented,unpigmented,no,unpigmented,0,0,0,0,1,0,0,0,0
Cambarus_jonesi,Cambaridea,1,tertiary_burrower,aquatic_burrower,no,no,unpigmented,unpigmented,unpigmented,unpigmented,unpigmented,unpigmented,unpigmented,unpigmented,unpigmented,unpigmented,unpigmented,no,unpigmented,0,0,0,0,1,0,0,0,0
Cambarus_laconensis,Cambaridea,1,tertiary_burrower,aquatic_burrower,no,no,unpigmented,unpigmented,unpigmented,unpigmented,unpigmented,unpigmented,unpigmented,unpigmented,unpigmented,unpigmented,unpigmented,no,unpigmented,0,0,0,0,1,0,0,0,0
Cambarus_pecki,Cambaridea,1,tertiary_burrower,aquatic_burrower,no,no,unpigmented,unpigmented,unpigmented,unpigmented,unpigmented,unpigmented,unpigmented,unpigmented,unpigmented,unpigmented,unpigmented,no,unpigmented,0,0,0,0,1,0,0,0,0
Cambarus_setosus,Cambaridea,1,tertiary_burrower,aquatic_burrower,no,no,unpigmented,unpigmented,unpigmented,unpigmented,unpigmented,unpigmented,unpigmented,unpigmented,unpigmented,unpigmented,unpigmented,no,unpigmented,0,0,0,0,1,0,0,0,0
Cambarus_speleocoopi,Cambaridea,1,tertiary_burrower,aquatic_burrower,no,no,unpigmented,unpigmented,unpigmented,unpigmented,unpigmented,unpigmented,unpigmented,unpigmented,unpigmented,unpigmented,unpigmented,no,unpigmented,0,0,0,0,1,0,0,0,0
Cambarus_tartarus,Cambaridea,1,tertiary_burrower,aquatic_burrower,no,no,unpigmented,unpigmented,unpigmented,unpigmented,unpigmented,unpigmented,unpigmented,unpigmented,unpigmented,unpigmented,unpigmented,no,unpigmented,0,0,0,0,1,0,0,0,0
Orconectes_australis,Cambaridea,1,tertiary_burrower,aquatic_burrower,no,no,unpigmented,unpigmented,unpigmented,unpigmented,unpigmented,unpigmented,unpigmented,unpigmented,unpigmented,unpigmented,unpigmented,no,unpigmented,0,0,0,0,1,0,0,0,0
Orconectes_barri,Cambaridea,1,tertiary_burrower,aquatic_burrower,no,no,unpigmented,unpigmented,unpigmented,unpigmented,unpigmented,unpigmented,unpigmented,unpigmented,unpigmented,unpigmented,unpigmented,no,unpigmented,0,0,0,0,1,0,0,0,0
Orconectes_incomptus,Cambaridea,1,tertiary_burrower,aquatic_burrower,no,no,unpigmented,unpigmented,unpigmented,unpigmented,unpigmented,unpigmented,unpigmented,unpigmented,unpigmented,unpigmented,unpigmented,no,unpigmented,0,0,0,0,1,0,0,0,0
Orconectes_packardi,Cambaridea,1,tertiary_burrower,aquatic_burrower,no,no,unpigmented,unpigmented,unpigmented,unpigmented,unpigmented,unpigmented,unpigmented,unpigmented,unpigmented,unpigmented,unpigmented,no,unpigmented,0,0,0,0,1,0,0,0,0
Orconectes_pellucidus,Cambaridea,1,tertiary_burrower,aquatic_burrower,no,no,unpigmented,unpigmented,unpigmented,unpigmented,unpigmented,unpigmented,unpigmented,unpigmented,unpigmented,unpigmented,unpigmented,no,unpigmented,0,0,0,0,1,0,0,0,0
Orconectes_stygocaneyi,Cambaridea,1,tertiary_burrower,aquatic_burrower,no,no,unpigmented,unpigmented,unpigmented,unpigmented,unpigmented,unpigmented,unpigmented,unpigmented,unpigmented,unpigmented,unpigmented,no,unpigmented,0,0,0,0,1,0,0,0,0
Procambarus_acherontis,Cambaridea,1,tertiary_burrower,aquatic_burrower,no,no,unpigmented,unpigmented,unpigmented,unpigmented,unpigmented,unpigmented,unpigmented,unpigmented,unpigmented,unpigmented,unpigmented,no,unpigmented,0,0,0,0,1,0,0,0,0
Procambarus_attiguus,Cambaridea,1,tertiary_burrower,aquatic_burrower,no,no,unpigmented,unpigmented,unpigmented,unpigmented,unpigmented,unpigmented,unpigmented,unpigmented,unpigmented,unpigmented,unpigmented,no,unpigmented,0,0,0,0,1,0,0,0,0
Procambarus_delicatus,Cambaridea,1,tertiary_burrower,aquatic_burrower,no,no,unpigmented,unpigmented,unpigmented,unpigmented,unpigmented,unpigmented,unpigmented,unpigmented,unpigmented,unpigmented,unpigmented,no,unpigmented,0,0,0,0,1,0,0,0,0
Procambarus_erythrops,Cambaridea,1,tertiary_burrower,aquatic_burrower,no,no,unpigmented,unpigmented,unpigmented,unpigmented,unpigmented,unpigmented,unpigmented,unpigmented,unpigmented,unpigmented,unpigmented,no,unpigmented,0,0,0,0,1,0,0,0,0
Procambarus_franzi,Cambaridea,1,tertiary_burrower,aquatic_burrower,no,no,unpigmented,unpigmented,unpigmented,unpigmented,unpigmented,unpigmented,unpigmented,unpigmented,unpigmented,unpigmented,unpigmented,no,unpigmented,0,0,0,0,1,0,0,0,0
Procambarus_horsti,Cambaridea,1,tertiary_burrower,aquatic_burrower,no,no,unpigmented,unpigmented,unpigmented,unpigmented,unpigmented,unpigmented,unpigmented,unpigmented,unpigmented,unpigmented,unpigmented,no,unpigmented,0,0,0,0,1,0,0,0,0
Procambarus_leitheuseri,Cambaridea,1,tertiary_burrower,aquatic_burrower,no,no,unpigmented,unpigmented,unpigmented,unpigmented,unpigmented,unpigmented,unpigmented,unpigmented,unpigmented,unpigmented,unpigmented,no,unpigmented,0,0,0,0,1,0,0,0,0
Procambarus_milleri,Cambaridea,1,tertiary_burrower,aquatic_burrower,no,no,unpigmented,unpigmented,unpigmented,unpigmented,unpigmented,unpigmented,unpigmented,unpigmented,unpigmented,unpigmented,unpigmented,no,unpigmented,0,0,0,0,1,0,0,0,0
Procambarus_orcinus,Cambaridea,1,tertiary_burrower,aquatic_burrower,no,no,unpigmented,unpigmented,unpigmented,unpigmented,unpigmented,unpigmented,unpigmented,unpigmented,unpigmented,unpigmented,unpigmented,no,unpigmented,0,0,0,0,1,0,0,0,0
Procambarus_pallidus,Cambaridea,1,tertiary_burrower,aquatic_burrower,no,no,unpigmented,unpigmented,unpigmented,unpigmented,unpigmented,unpigmented,unpigmented,unpigmented,unpigmented,unpigmented,unpigmented,no,unpigmented,0,0,0,0,1,0,0,0,0
Procambarus_xochitlanae,Cambaridea,1,tertiary_burrower,aquatic_burrower,no,no,unpigmented,unpigmented,unpigmented,unpigmented,unpigmented,unpigmented,unpigmented,unpigmented,unpigmented,unpigmented,unpigmented,no,unpigmented,0,0,0,0,1,0,0,0,0
Troglocambarus_maclanei,Cambaridea,1,tertiary_burrower,aquatic_burrower,no,no,unpigmented,unpigmented,unpigmented,unpigmented,unpigmented,unpigmented,unpigmented,unpigmented,unpigmented,unpigmented,unpigmented,no,unpigmented,0,0,0,0,1,0,0,0,0
